_id,Year,Month,Aircraft_Arrival,Aircraft_Departure,Aircraft_Total,Passenger_Arrival,Passenger_Departures,Passenger_Transit,Passenger_Total,AirMail_Incoming,AirMail_Outgoing,AirMail_Total,Cargo_Total_Import,Cargo_Total_Export,Cargo_Total
1,2015,2015-01,"14,384","14,396","28,780","2,243,305","2,112,813","64,004","4,420,122","1,193.62","1,614.88","2,808.50","81,867.90","69,946.38","151,814.28"
2,2015,2015-02,"13,249","13,242","26,491","2,018,729","2,056,989","45,639","4,121,357",974.9702,"1,277.43","2,252.40","75,576.73","60,388.68","135,965.42"
3,2015,2015-03,"14,390","14,403","28,793","2,237,167","2,245,963","51,989","4,535,119","1,112.62","1,485.10","2,597.72","89,020.39","73,639.48","162,659.86"
4,2015,2015-04,"14,126","14,130","28,256","2,181,441","2,151,585","58,355","4,391,381","1,095.82","1,391.80","2,487.62","83,906.47","69,541.16","153,447.64"
5,2015,2015-05,"14,519","14,523","29,042","2,177,764","2,250,744","51,753","4,480,261","1,183.51","1,523.83","2,707.34","86,950.64","70,095.57","157,046.21"
6,2015,2015-06,"14,265","14,266","28,531","2,372,653","2,278,717","48,219","4,699,589","1,140.09","1,465.46","2,605.55","82,190.53","69,112.98","151,303.51"
7,2015,2015-07,"14,699","14,713","29,412","2,453,899","2,381,169","58,506","4,893,574","1,176.74","1,526.42","2,703.16","83,093.37","64,433.98","147,527.35"
8,2015,2015-08,"14,814","14,792","29,606","2,453,913","2,447,055","54,333","4,955,301","1,213.24","1,512.37","2,725.61","82,970.11","68,677.34","151,647.45"
9,2015,2015-09,"14,232","14,232","28,464","2,177,750","2,192,314","51,490","4,421,554","1,257.64","1,600.69","2,858.33","84,352.06","70,706.09","155,058.15"
10,2015,2015-10,"14,803","14,807","29,610","2,275,334","2,278,858","46,597","4,600,789","1,337.24","1,861.80","3,199.05","88,226.57","74,268.85","162,495.42"
11,2015,2015-11,"14,365","14,364","28,729","2,255,303","2,343,936","37,513","4,636,752","1,328.00","1,978.90","3,306.89","87,839.11","72,643.11","160,482.22"
12,2015,2015-12,"15,306","15,315","30,621","2,643,838","2,604,316","45,011","5,293,165","1,446.31","2,207.89","3,654.20","89,302.02","74,337.00","163,639.02"
13,2016,2016-01,"15,072","15,073","30,145","2,490,196","2,319,262","50,698","4,860,156","1,568.85","1,486.17","3,055.02","87,272.73","70,586.25","157,858.98"
14,2016,2016-02,"14,260","14,258","28,518","2,272,357","2,293,676","35,993","4,602,026",996.177,"1,561.81","2,557.99","75,343.33","60,752.71","136,096.05"
15,2016,2016-03,"15,061","15,064","30,125","2,437,156","2,422,486","43,125","4,902,767","1,248.63","2,032.33","3,280.96","94,264.24","76,918.24","171,182.48"
16,2016,2016-04,"14,722","14,738","29,460","2,384,191","2,366,216","43,255","4,793,662","1,254.22","2,031.69","3,285.91","90,374.06","74,156.96","164,531.01"
17,2016,2016-05,"15,114","15,107","30,221","2,366,789","2,377,533","37,596","4,781,918","1,186.82","1,862.01","3,048.83","88,514.77","68,997.95","157,512.71"
18,2016,2016-06,"14,672","14,673","29,345","2,425,547","2,371,241","41,519","4,838,307","1,119.70","1,698.34","2,818.03","89,694.70","73,375.74","163,070.44"
19,2016,2016-07,"15,392","15,401","30,793","2,609,912","2,521,603","49,593","5,181,108","1,110.49","1,670.00","2,780.49","89,264.02","72,182.18","161,446.20"
20,2016,2016-08,"15,139","15,118","30,257","2,438,966","2,438,273","46,070","4,923,309","1,116.75","1,626.43","2,743.18","89,609.07","73,537.13","163,146.20"
21,2016,2016-09,"14,659","14,671","29,330","2,258,798","2,279,281","46,304","4,584,383","1,155.75","1,690.93","2,846.68","90,913.69","76,188.43","167,102.12"
22,2016,2016-10,"15,324","15,290","30,614","2,347,744","2,368,664","52,529","4,768,937","1,306.44","1,806.83","3,113.27","96,388.10","80,570.12","176,958.22"
23,2016,2016-11,"14,848","14,860","29,708","2,333,956","2,409,220","41,642","4,784,818","1,380.00","2,120.00","3,500.00","94,515.97","78,658.29","173,174.27"
24,2016,2016-12,"15,988","15,986","31,974","2,838,114","2,786,523","52,011","5,676,648","1,456.92","2,403.23","3,860.14","97,519.38","79,836.12","177,355.48"
25,2017,2017-01,"15,804","15,792","31,596","2,642,038","2,556,029","58,234","5,256,301","1,285.18","2,192.71","3,477.88","88,339.64","70,350.86","158,690.50"
26,2017,2017-02,"14,024","14,008","28,032","2,348,046","2,281,794","39,889","4,669,729","1,078.52","1,737.68","2,816.20","80,431.46","66,434.27","146,865.73"
27,2017,2017-03,"15,454","15,462","30,916","2,543,155","2,525,511","43,910","5,112,576","1,267.89","2,162.31","3,430.19","103,454.00","85,171.77","188,625.77"
28,2017,2017-04,"15,281","15,288","30,569","2,573,280","2,549,877","45,391","5,168,548","1,126.01","2,097.15","3,223.16","94,333.13","77,383.33","171,716.46"
29,2017,2017-05,"15,601","15,596","31,197","2,469,051","2,489,147","45,380","5,003,578","1,122.03","2,237.11","3,359.15","96,958.00","80,378.43","177,336.43"
30,2017,2017-06,"15,448","15,467","30,915","2,602,663","2,550,518","55,598","5,208,779","1,013.13","1,939.35","2,952.48","92,154.46","79,886.03","172,040.49"
31,2017,2017-07,"15,960","15,948","31,908","2,725,701","2,620,083","69,950","5,415,734","1,100.53","2,011.96","3,112.49","96,409.69","83,140.52","179,550.21"
32,2017,2017-08,"15,866","15,881","31,747","2,572,191","2,631,532","61,980","5,265,703","1,022.05","1,926.62","2,948.67","97,760.91","82,832.88","180,593.79"
33,2017,2017-09,"15,245","15,247","30,492","2,472,650","2,389,930","64,981","4,927,561","1,067.25","2,298.54","3,365.79","99,228.34","84,330.61","183,558.95"
34,2017,2017-10,"15,871","15,862","31,733","2,549,697","2,546,111","59,519","5,155,327","1,018.05","2,181.81","3,199.86","100,033.43","85,795.79","185,829.22"
35,2017,2017-11,"15,569","15,571","31,140","2,520,209","2,606,883","46,655","5,173,747","1,211.16","2,556.70","3,767.85","104,094.19","87,582.44","191,676.63"
36,2017,2017-12,"16,468","16,488","32,956","2,941,403","2,866,096","54,491","5,861,990","1,302.83","2,816.49","4,119.32","102,536.31","86,205.88","188,742.19"
37,2018,2018-01,"16,251","16,235","32,486","2,714,369","2,525,462","63,808","5,303,639","1,218.19","2,640.96","3,859.15","95,974.12","79,619.44","175,593.56"
38,2018,2018-02,"14,855","14,846","29,701","2,428,368","2,461,291","42,686","4,932,345",988.634,"1,796.99","2,785.62","80,248.85","68,684.84","148,933.69"
39,2018,2018-03,"16,285","16,300","32,585","2,745,173","2,760,196","49,748","5,555,117","1,210.74","2,567.39","3,778.13","102,428.27","85,119.08","187,547.34"
40,2018,2018-04,"15,993","15,997","31,990","2,732,843","2,640,693","57,209","5,430,745","1,093.24","2,395.54","3,488.78","96,728.47","82,682.08","179,410.55"
41,2018,2018-05,"16,163","16,169","32,332","2,593,978","2,644,254","56,748","5,294,980","1,544.52","1,661.49","3,206.01","96,753.49","83,734.74","180,488.22"
42,2018,2018-06,"15,931","15,943","31,874","2,797,378","2,700,106","68,291","5,565,775",977.7692,"1,911.22","2,888.99","92,079.95","78,470.79","170,550.74"
43,2018,2018-07,"16,358","16,348","32,706","2,877,561","2,764,491","81,042","5,723,094","1,036.62","1,907.10","2,943.72","98,504.28","84,833.04","183,337.32"
44,2018,2018-08,"16,426","16,462","32,888","2,790,114","2,817,913","74,661","5,682,688","1,051.99","1,944.07","2,996.06","99,782.20","83,974.00","183,756.20"
45,2018,2018-09,"15,700","15,695","31,395","2,602,920","2,550,670","72,313","5,225,903",987.721,"2,111.85","3,099.57","98,632.97","86,073.97","184,706.95"
46,2018,2018-10,"16,389","16,370","32,759","2,657,528","2,652,749","65,957","5,376,234","1,030.51","2,160.32","3,190.84","102,006.21","87,780.15","189,786.36"
47,2018,2018-11,"15,937","15,972","31,909","2,642,203","2,717,011","49,779","5,408,993","1,232.84","2,546.61","3,779.46","103,296.64","85,853.64","189,150.27"
48,2018,2018-12,"16,712","16,705","33,417","3,092,165","2,980,249","55,429","6,127,843","1,300.13","2,776.60","4,076.73","98,329.74","83,288.59","181,618.34"
49,2019,2019-01,"16,368","16,361","32,729","2,865,915","2,726,368","63,793","5,656,076","1,037.65","2,244.79","3,282.44","93,028.15","78,276.30","171,304.45"
50,2019,2019-02,"14,950","14,944","29,894","2,565,307","2,522,088","44,412","5,131,807",865.736,"1,798.13","2,663.87","74,523.40","61,980.50","136,503.90"
51,2019,2019-03,"16,178","16,193","32,371","2,795,669","2,787,741","47,370","5,630,780","1,099.36","2,348.47","3,447.83","99,805.06","84,958.59","184,763.64"
52,2019,2019-04,"15,725","15,729","31,454","2,824,331","2,700,598","55,574","5,580,503","1,046.61","2,142.59","3,189.20","81,186.37","75,293.64","156,480.00"
53,2019,2019-05,"15,833","15,838","31,671","2,657,323","2,691,345","58,640","5,407,308","1,142.10","2,149.78","3,291.88","90,605.76","81,149.87","171,755.62"
54,2019,2019-06,"15,695","15,696","31,391","2,920,788","2,834,087","61,214","5,816,089","1,034.36","1,919.36","2,953.72","86,555.63","75,324.12","161,879.75"
55,2019,2019-07,"16,196","16,193","32,389","2,986,187","2,853,267","71,328","5,910,782","1,110.26","2,142.53","3,252.79","91,891.43","78,335.00","170,226.44"
56,2019,2019-08,"16,181","16,183","32,364","2,926,617","2,911,530","62,482","5,900,629","1,119.55","2,296.88","3,416.44","91,886.43","77,145.20","169,031.64"
57,2019,2019-09,"15,589","15,590","31,179","2,726,048","2,682,724","60,570","5,469,342","1,129.35","2,348.73","3,478.08","91,560.34","78,673.34","170,233.68"
58,2019,2019-10,"15,978","15,980","31,958","2,787,094","2,801,262","58,287","5,646,643","1,295.29","2,464.44","3,759.72","93,855.01","75,834.36","169,689.37"
59,2019,2019-11,"15,796","15,802","31,598","2,814,414","2,855,679","48,293","5,718,386","1,366.88","3,206.51","4,573.39","95,057.62","82,474.10","177,531.73"
60,2019,2019-12,"16,675","16,669","33,344","3,231,750","3,132,828","49,917","6,414,495","1,531.82","3,723.23","5,255.05","93,785.73","80,911.50","174,697.22"
61,2020,2020-01,"16,719","16,716","33,435","3,000,922","2,893,053","56,965","5,950,940","1,268.29","2,756.48","4,024.77","83,949.48","72,915.66","156,865.15"
62,2020,2020-02,"13,115","13,116","26,231","1,687,083","1,718,033","40,906","3,446,022","1,108.85","2,049.96","3,158.81","79,361.09","67,467.16","146,828.25"
63,2020,2020-03,"8,146","8,077","16,223","828,317","791,383","29,962","1,649,662",756.763,"1,801.51","2,558.28","83,424.95","66,019.04","149,443.98"
64,2020,2020-04,"1,920","1,945","3,865","5,776","17,340","2,073","25,189",226.5849,704.5834,931.1683,"53,217.17","42,620.49","95,837.65"
65,2020,2020-05,"2,237","2,235","4,472","3,976","20,400",128,"24,504",430.898,"1,201.69","1,632.58","55,798.12","47,323.81","103,121.95"
66,2020,2020-06,"2,390","2,389","4,779","13,996","34,190",55,"48,241",636.7975,"1,859.45","2,496.25","58,679.58","52,985.18","111,664.76"
67,2020,2020-07,"2,621","2,626","5,247","34,261","51,415",305,"85,981",642.3139,"2,412.10","3,054.41","62,659.55","56,252.10","118,911.65"
68,2020,2020-08,"2,777","2,785","5,562","32,865","51,371",60,"84,296",613.6923,"1,885.95","2,499.64","62,876.13","57,238.87","120,115.00"
69,2020,2020-09,"2,814","2,809","5,623","35,508","54,703",30,"90,241",640.1912,"1,274.83","1,915.03","65,209.42","59,314.72","124,524.13"
70,2020,2020-10,"2,944","2,946","5,890","42,267","56,006",17,"98,290",706.6336,"1,220.58","1,927.22","67,102.05","61,981.00","129,083.05"
71,2020,2020-11,"3,278","3,294","6,572","50,114","60,232",391,"110,737",674.2825,"1,615.21","2,289.49","74,240.28","65,789.40","140,029.68"
72,2020,2020-12,"3,760","3,765","7,525","75,337","76,350",173,"151,860",852.5951,"1,510.65","2,363.25","78,060.97","69,615.08","147,676.04"
73,2021,2021-01,"3,744","3,751","7,495","73,345","71,487",99,"144,931",698.8222,"1,355.64","2,054.47","76,617.27","69,340.17","145,957.44"
74,2021,2021-02,"3,352","3,355","6,707","58,750","58,669",94,"117,513",627.5265,"1,101.97","1,729.50","63,596.33","60,317.73","123,914.06"
75,2021,2021-03,"4,048","4,055","8,103","81,820","83,568",250,"165,638",813.8998,"1,520.65","2,334.55","82,565.65","74,821.84","157,387.49"
76,2021,2021-04,"4,078","4,088","8,166","85,019","86,579","1,463","173,061",706.0493,"1,362.24","2,068.29","80,382.03","74,758.95","155,140.98"
77,2021,2021-05,"4,348","4,354","8,702","74,145","95,254","1,878","171,277",665.383,"1,235.99","1,901.38","83,403.81","76,322.95","159,726.76"
78,2021,2021-06,"4,399","4,422","8,821","76,387","99,250","2,724","178,361",695.0531,"1,160.70","1,855.76","84,403.47","76,555.65","160,959.12"
79,2021,2021-07,"4,693","4,707","9,400","96,367","105,118","2,216","203,701",815.4369,"1,243.55","2,058.99","86,695.24","76,855.10","163,550.35"
80,2021,2021-08,"4,647","4,647","9,294","98,300","111,014","2,094","211,408",696.3684,"1,248.14","1,944.51","86,773.96","78,700.87","165,474.82"
81,2021,2021-09,"4,706","4,721","9,427","103,831","113,378","2,297","219,506",705.9021,"1,188.97","1,894.88","88,681.43","82,621.17","171,302.61"
82,2021,2021-10,"5,091","5,094","10,185","120,883","131,402","2,863","255,148",770.5545,"1,190.63","1,961.18","93,359.39","88,675.64","182,035.04"
83,2021,2021-11,"5,215","5,226","10,441","184,721","207,540","3,028","395,289",688.469,"1,030.17","1,718.64","91,446.97","85,969.21","177,416.18"
84,2021,2021-12,"6,066","6,085","12,151","394,269","418,214","4,609","817,092",725.1993,"1,184.68","1,909.88","93,880.15","89,944.03","183,824.18"
85,2022,2022-01,"6,076","6,099","12,175","393,421","323,007","3,498","719,926",626.0313,921.4034,"1,547.43","87,915.86","81,548.95","169,464.81"
86,2022,2022-02,"5,424","5,428","10,852","365,864","334,406","2,647","702,917",479.1283,921.9498,"1,401.08","70,442.50","66,351.67","136,794.17"
87,2022,2022-03,"6,572","6,600","13,172","568,945","565,823","6,643","1,141,411",571.0687,"1,049.04","1,620.11","67,694.02","84,295.41","151,989.43"
88,2022,2022-04,"7,519","7,536","15,055","965,450","951,502","15,568","1,932,520",529.104,"1,221.17","1,750.27","82,527.64","69,768.45","152,296.08"
89,2022,2022-05,"8,557","8,552","17,109","1,233,581","1,212,096","19,823","2,465,500",839.2387,631.3104,"1,470.55","81,983.15","71,466.45","153,449.60"
90,2022,2022-06,"9,180","9,200","18,380","1,470,490","1,430,792","26,110","2,927,392",517.4561,918.8762,"1,436.33","83,645.49","79,644.07","163,289.56"
91,2022,2022-07,"10,128","10,147","20,275","1,671,555","1,587,229","41,429","3,300,213",557.9635,"1,042.08","1,600.04","84,333.91","78,939.82","163,273.73"
92,2022,2022-08,"10,211","10,222","20,433","1,668,806","1,611,674","38,901","3,319,381",535.7497,835.3607,"1,371.11","80,979.57","71,673.37","152,652.94"
93,2022,2022-09,"10,211","10,219","20,430","1,720,124","1,667,116","34,360","3,421,600",516.2322,826.7763,"1,343.01","80,892.00","73,240.70","154,133.00"
94,2022,2022-10,"10,876","10,908","21,784","1,823,550","1,829,816","34,408","3,687,774",533.7459,821.124,"1,354.87","79,466.97","72,830.51","152,297.48"
95,2022,2022-11,"11,820","11,831","23,651","1,922,090","2,003,017","38,188","3,963,295",552.4964,"1,264.58","1,817.07","78,222.79","72,530.75","150,753.54"
96,2022,2022-12,"12,672","12,680","25,352","2,302,447","2,279,572","38,174","4,620,193",661.8067,"1,133.12","1,794.93","79,886.73","72,675.62","152,562.36"
97,2023,2023-01,"12,597","12,579","25,176","2,254,509","2,071,973","40,430","4,366,912",586.6492,"1,007.03","1,593.68","70,093.59","63,403.39","133,496.99"
98,2023,2023-02,"11,425","11,431","22,856","1,998,306","1,968,204","36,224","4,002,734",627.1529,"1,182.93","1,810.08","68,224.28","62,711.70","130,935.99"
99,2023,2023-03,"13,042","13,046","26,088","2,294,797","2,300,042","39,100","4,633,939",682.5548,"1,500.52","2,183.08","80,520.00","71,962.00","152,482.00"
100,2023,2023-04,"13,150","13,151","26,301","2,304,751","2,256,075","42,509","4,603,335",555.8257,"1,197.44","1,753.26","73,995.04","66,897.53","140,892.58"
101,2023,2023-05,"13,791","13,780","27,571","2,376,786","2,416,651","45,118","4,838,555",561.2692,"1,058.69","1,619.96","74,000.84","68,115.67","142,116.51"
102,2023,2023-06,"13,753","13,769","27,522","2,580,813","2,492,201","46,238","5,119,252",505.8429,976.0304,"1,481.87","73,761.49","61,709.43","135,470.92"
103,2023,2023-07,"14,432","14,438","28,870","2,701,718","2,518,522","54,649","5,274,889",505.7812,973.3417,"1,479.12","78,005.87","70,804.08","148,809.95"
104,2023,2023-08,"14,457","14,465","28,922","2,550,494","2,543,189","54,314","5,147,997",561.5228,"1,067.61","1,629.13","79,284.94","69,484.85","148,769.79"
105,2023,2023-09,"13,917","13,922","27,839","2,434,215","2,388,208","51,432","4,873,855",524.8601,968.7543,"1,493.61","81,234.85","72,550.07","153,784.92"
106,2023,2023-10,"14,355","14,353","28,708","2,550,710","2,526,293","45,654","5,122,657",485.7751,844.6637,"1,330.44","79,488.08","73,188.36","152,676.44"
107,2023,2023-11,"13,997","14,006","28,003","2,505,727","2,603,008","38,596","5,147,331",480.9122,"1,053.05","1,533.96","76,903.81","73,310.82","150,214.63"
108,2023,2023-12,"15,208","15,228","30,436","2,911,784","2,861,776","41,067","5,814,627",575.7371,980.6836,"1,556.42","84,448.95","66,125.73","150,574.67"
109,2024,2024-01,"15,069","15,058","30,127","2,839,143","2,545,159","44,729","5,429,031",460.9338,762.8965,"1,223.83","84,248.69","71,892.94","156,141.63"
110,2024,2024-02,"14,411","14,411","28,822","2,645,916","2,668,973","37,791","5,352,680",410.6592,628.6473,"1,039.31","77,090.47","65,987.33","143,077.80"
111,2024,2024-03,"15,194","15,215","30,409","2,838,535","2,846,893","41,023","5,726,451",613.1152,553.5549,"1,166.67","95,275.50","80,791.71","176,067.21"
112,2024,2024-04,"14,547","14,551","29,098","2,732,578","2,625,504","44,828","5,402,910",582.4563,680.4828,"1,262.94","84,596.48","73,512.41","158,108.89"
113,2024,2024-05,"15,051","15,072","30,123","2,688,803","2,746,455","47,465","5,482,723",466.8133,639.8458,"1,106.66","91,469.77","79,000.78","170,470.54"
114,2024,2024-06,"15,023","15,036","30,059","2,870,988","2,697,954","52,633","5,621,575",479.613,691.8461,"1,171.46","83,161.74","74,135.46","157,297.19"
115,2024,2024-07,"15,481","15,483","30,964","2,905,055","2,740,326","58,889","5,704,270",478.581,630.053,"1,108.63","93,715.89","80,179.63","173,895.52"
116,2024,2024-08,"15,583","15,597","31,180","2,820,647","2,851,555","57,404","5,729,606",476.2103,656.1437,"1,132.35","90,834.18","75,644.94","166,479.12"
117,2024,2024-09,"14,962","14,968","29,930","2,718,654","2,624,277","56,149","5,399,080",461.2168,614.6607,"1,075.88","91,876.29","80,169.40","172,045.68"
118,2024,2024-10,"15,666","15,663","31,329","2,757,008","2,840,028","53,007","5,650,043",458.5324,570.6404,"1,029.17","94,908.62","82,805.45","177,714.07"
119,2024,2024-11,"15,385","15,402","30,787","2,839,182","2,855,880","45,945","5,741,007",457.8168,598.4414,"1,056.26","92,988.90","79,804.13","172,793.03"
120,2024,2024-12,"16,579","16,576","33,155","3,218,469","3,144,724","47,632","6,410,825",520.2563,582.0261,"1,102.28","90,969.14","79,791.68","170,760.82"
121,2025,2025-01,"16,553","16,551","33,104","3,130,805","2,971,086","53,173","6,155,064",439.296,447.7037,886.9997,"87,111.98","72,650.65","159,762.63"
122,2025,2025-02,"14,614","14,624","29,238","2,754,111","2,645,524","42,222","5,441,857",407.9445,419.9154,827.8599,"77,305.82","65,802.26","143,108.08"
123,2025,2025-03,"15,803","15,821","31,624","2,766,949","2,809,669","40,146","5,616,764",456.5101,537.8494,994.3595,"96,886.15","80,514.38","177,400.54"
124,2025,2025-04,"15,514","15,517","31,031","2,923,118","2,806,520","46,131","5,775,769",416.2042,450.71,866.9142,"89,505.91","77,993.07","167,498.99"
125,2025,2025-05,"15,834","15,838","31,672","2,873,379","2,900,113","47,570","5,821,062",430.1509,488.1492,918.3001,"95,596.94","80,434.91","176,031.85"
126,2025,2025-06,"15,454","15,473","30,927","2,962,918","2,872,337","47,164","5,882,419",400.7618,422.8021,823.5639,"92,693.02","79,987.27","172,680.29"
127,2025,2025-07,"15,632","15,649","31,281","3,042,743","2,869,416","54,879","5,967,038",357.0676,399.6646,756.7322,"97,724.50","81,787.94","179,512.44"
128,2025,2025-08,"15,384","15,380","30,764","2,929,231","2,922,836","56,106","5,908,173",372.8743,433.2879,806.1622,"97,984.83","79,347.95","177,332.78"
129,2025,2025-09,"14,776","14,773","29,549","2,743,642","2,676,104","54,895","5,474,641",374.9416,394.2286,769.1702,"94,697.63","79,600.13","174,297.76"
130,2025,2025-10,"15,602","15,611","31,213","2,876,106","2,919,954","48,332","5,844,392",390.6141,355.5389,746.153,"98,536.72","83,658.97","182,195.69"
131,2025,2025-11,"15,325","15,323","30,648","2,810,584","2,899,315","43,081","5,752,980",408.1846,419.8983,828.0829,"102,964.42","86,599.65","189,564.07"
132,2025,2025-12,"16,451","16,459","32,910","3,155,644","3,139,271","46,663","6,341,578",478.9465,376.1786,855.1251,"99,271.11","85,162.88","184,433.99"
133,2026,2026-01,"16,362","16,364","32,726","3,117,356","2,803,792","48,002","5,969,150",411.2041,335.9661,747.1702,"93,086.63","77,879.43","170,966.06"
134,2026,2026-02,"15,111","15,112","30,223","2,744,999","2,751,163","42,389","5,538,551",352.4462,325.1186,677.5648,"86,543.76","71,140.09","157,683.85"
135,2026,2026-03,"16,168","16,188","32,356","3,003,677","3,037,670","52,209","6,093,556",423.8229,386.181,810.0039,"101,858.00","86,284.00","188,142.00"
136,2026,2026-04,"15,444","15,431","30,875","2,873,880","2,800,368","51,510","5,725,758",499.339,391.4734,890.8124,"101,890.00","87,162.00","189,052.00"
137,2026,2026-05,"15,380","15,386","30,766","2,733,445","2,901,759","47,873","5,683,077",534.6708,424.7778,959.4486,"103,098.00","87,229.00","190,326.00"
138,2026,2026-06,"15,359","15,382","30,741","2,989,896","2,774,852","48,208","5,812,956",493.6364,427.1032,920.7396,"100,335.00","86,955.00","187,290.00"
