name,status,est_year,stalls
Commonwealth Crescent Market,Existing,1965.0,39.0
Tiong Bahru Market,Existing,,83.0
Golden Mile Food Centre,Existing,1975.0,112.0
Yew Tee Hawker Centre,Under Construction,2027.0,40.0
Dunman Food Centre,Existing,1974.0,30.0
Beo Crescent Market,Existing,1965.0,32.0
Newton Food Centre,Existing,1971.0,83.0
Adam Road Food Centre,Existing,1974.0,32.0
Kallang Estate Fresh Market and Food Centre,Existing,1959.0,16.0
New Market Road Blk 32 (People's Park Food Centre),Existing,1965.0,87.0
North Bridge Road Market,Existing,1973.0,37.0
Holland Village Market and Food Centre,Existing,,21.0
Chomp Chomp Food Centre,Existing,1972.0,36.0
Jurong East Street 24 Blk 254 (Yuhua Village Market and Food Centre),Existing,,60.0
Jurong West Street 52 Blk 505,Existing,,60.0
Marine Terrace Blk 50A (50A Marine Terrace),Existing,,24.0
Marine Parade Central Blk 84 (84 Marine Parade Central Market and Food Centre),Existing,,55.0
Kampung Admiralty Hawker Centre,Existing (new),,43.0
Market Street Hawker Centre,Existing (replacement),,53.0
Marsiling Lane Blk 20/21,Existing,,52.0
Marsiling Mall Hawker Centre,Existing (replacement),,70.0
Mei Chin Road Blk 159 (Mei Chin Road Market),Existing,,47.0
New Upper Changi Road Blk 208B,Existing,,70.0
New Upper Changi Road Blk 58,Existing,,48.0
Old Airport Road Blk 51 (51 Old Airport Road Food Centre and Shopping Mall),Existing,,168.0
Pasir Ris Central Hawker Centre,Existing (new),,42.0
Queen Street Blk 270 (Albert Centre),Existing,,86.0
Redhill Lane Blk 79 (Redhill Market),Existing,,0.0
Redhill Lane Blk 85 (Redhill Food Centre),Existing,,96.0
Sims Place Blk 49 (Sims Vista Market and Food Centre),Existing,,66.0
Smith Street Blk 335 (Chinatown Complex Market),Existing,,226.0
Taman Jurong Market and Food Centre,Existing,,122.0
Tampines Street 11 Blk 137 (Tampines Round Market and Food Centre),Existing,,45.0
Teban Gardens Road Blk 37A (Teban Gardens Market and Food Centre),Existing,,28.0
Telok Blangah Drive Blk 79 (Telok Blangah Food Centre),Existing,,40.0
Telok Blangah Drive Blk 82 (Telok Blangah Market),Existing,,0.0
Telok Blangah Rise Blk 36 (Telok Blangah Rise Market),Existing,,24.0
Toa Payoh Lorong 4 Blk 74 (Toa Payoh Vista Market),Existing,,10.0
Toa Payoh Lorong 1 Blk 127 (Toa Payoh West Market and Food Court),Existing,,40.0
Telok Blangah Crescent Blk 11 (11 Telok Blangah Crescent Market and Food Centre),Existing,,56.0
Tanjong Pagar Plaza Blk 6 (Blk 6 Tanjong Pagar Plaza Market and Food Centre),Existing,,52.0
Toa Payoh Lorong 4 Blk 93,Existing,,28.0
Toa Payoh Lorong 7 Blk 22 (Kim Keat Palm Market and Food Centre),Existing,,61.0
Toa Payoh Lorong 5 Blk 75,Existing,,36.0
Shunfu Road Blk 320 (Shunfu Mart),Existing,,31.0
Ang Mo Kio Ave 1 Blk 226D (Kebun Baru Market and Food Centre),Existing,,10.0
Ang Mo Kio Ave 10 Blk 409 (Teck Ghee Square),Existing,,40.0
Ang Mo Kio Ave 10 Blk 453A (Chong Boon Market and Food Centre),Existing,,39.0
Ang Mo Kio Ave 10 Blk 527 (Cheng San Market and Cooked Food Centre),Existing,,50.0
Ang Mo Kio Ave 4 Blk 160/162 (Mayflower Market),Existing,,40.0
Ang Mo Kio Ave 4 Blk 628 (Ang Mo Kio 628 Market),Existing,,52.0
Ang Mo Kio Ave 6 Blk 724 (Blk 724 Ang Mo Kio Market),Existing,,45.0
Ang Mo Kio Street 22 Blk 226H (Kebun Baru Food Centre),Existing,,29.0
Bedok North Street 1 Blk 216,Existing,,82.0
Bedok North Street 3 Blk 511 (Kaki Bukit 511 Market and Food Centre),Existing,,42.0
Bedok North Street 3 Blk 538,Existing,,40.0
Bedok North Street 4 Blk 85 (85 Fengshan Centre),Existing,,72.0
Bedok Reservoir Road Blk 630,Existing,,36.0
Bedok South Road Blk 16,Existing,,64.0
Bendemeer Road Blk 29 (Bendemeer Market and Food Centre),Existing,,88.0
Buffalo Road Blk 665 (Tekka Centre/Zhu Jiao Market),Existing,,119.0
Boon Lay Place Blk 221A/B (Boon Lay Place Market and Food Village),Existing,,72.0
Aljunied Ave 2 Blk 117 (Blk 117 Aljunied Market and Food Centre),Existing,,79.0
Bukit Merah Central Blk 163 (Bukit Merah Central Food Centre),Existing,,57.0
Bukit Merah View Blk 115 (Blk 115 Bukit Merah View Market and Food Centre),Existing,,84.0
Bukit Merah Lane 1 Blk 120 (Alexandra Village Food Centre),Existing,,88.0
Cambridge Road Blk 41A (Pek Kio Market and Food Centre),Existing,,50.0
Bukit Panjang Hawker Centre,Existing (new),,28.0
Changi Village Blk 2 and 3,Existing,,87.0
Circuit Road Blk 80 (80 Circuit Road Market and Food Centre),Existing,,16.0
Circuit Road Blk 79/79A,Existing,,106.0
Ci Yuan Hawker Centre,Existing (new),,40.0
Circuit Road Blk 89,Existing,,40.0
Clementi Ave 2 Blk 353 (Clementi Ave 2 Market/Cooked Food Centre),Existing,,18.0
Clementi Ave 3 Blk 448,Existing,,51.0
Clementi West Street 2 Blk 726,Existing,,60.0
Empress Road Blk 7 (Empress Road Market and Food Centre),Existing,,40.0
Eunos Crescent Blk 4A,Existing,,42.0
Geylang Bahru Blk 69 (Blk 69 Geylang Bahru Market and Food Centre),Existing,,78.0
Geylang Serai Market,Existing,,63.0
Ghim Moh Road Blk 20,Existing,,72.0
Haig Road Blk 13/14 (Haig Road Market and Cooked Food Centre),Existing,,72.0
Havelock Road Blk 22A/B (Havelock Road Cooked Food Centre),Existing,,30.0
Holland Drive Blk 44 (Holland Drive Market and Food Centre),Existing,,45.0
Hawker Centre @ Our Tampines Hub,Existing (new),,42.0
Hougang Street 21 Blk 209 (Kovan Hougang Market and Food Centre),Existing,,66.0
Jalan Batu Blk 4A (Blk 4A Jalan Batu Hawker Centre/Market),Existing,,36.0
Hougang Ave 1 Blk 105 (Hougang 105 Hainanese Village Centre),Existing,,51.0
Jalan Bukit Merah Blk 112 (Blk 112 Jalan Bukit Merah Market and Food Centre),Existing,,22.0
Jalan Bukit Merah Blk 6 (ABC Brickworks Market/Food Centre),Existing,,96.0
Jalan Kukoh Blk 1 (Kukoh 21 Food Centre),Existing,,21.0
Jurong West Hawker Centre,Existing (new),,39.0
Jurong East Ave 1 Blk 347 (Yuhua Market and Hawker Centre),Existing,,56.0
Toa Payoh Lorong 8 Blk 210,Existing,,80.0
Upper Boon Keng Road Blk 17 (Blk 17 Upper Boon Keng Market and Food Centre),Existing,,84.0
West Coast Drive Blk 502 (Ayer Rajah Market),Existing,,0.0
West Coast Drive Blk 503 (Ayer Rajah Food Centre),Existing,,80.0
Upper Cross Street Blk 531A (Hong Lim Food Centre and Market),Existing,,103.0
Whampoa Drive Blk 90 (Whampoa Drive Makan Place/Whampoa Food Centre),Existing,,80.0
Whampoa Drive Blk 91/92 (Whampoa Drive Makan Place/Whampoa Market),Existing,,52.0
Yishun Park Hawker Centre,Existing (new),,45.0
Yishun Ring Road Blk 104/105 (Chong Pang Market and Food Centre),Existing,,56.0
Margaret Drive Hawker Centre,Existing (replacement),,38.0
Anchorvale Village Hawker Centre,Existing (new),,36.0
Fernvale Hawker Centre & Market,Existing (new),,28.0
One Punggol Hawker Centre,Existing (new),,34.0
Bukit Canberra Hawker Centre,Existing (new),,44.0
Punggol Coast Hawker Centre,Existing (new),,40.0
Senja Hawker Centre,Existing (new),,28.0
Buangkok Hawker Centre,Existing (new),,38.0
Bukit Batok West Hawker Centre,Existing (new),,22.0
Woodleigh Village Hawker Centre,Existing (new),,40.0
Bukit Timah Interim Hawker Centre and Market,Interim Centre,,78.0
Amoy Street Food Centre (Telok Ayer Food Centre),Existing,1983.0,134.0
Telok Blangah Hawker Centre & Market,Under Construction,2027.0,40.0
Bukit Timah Market,Under Construction,2029.0,82.0
Tampines North Hawker Centre,Under Construction,2030.0,40.0
Tanglin Halt Hawker Centre & Market,Under Construction,2029.0,0.0
Pasir Panjang Food Centre,Existing,1978.0,45.0
Bedok Food Centre,Existing,1971.0,32.0
Zion Riverside Food Centre,Existing,1976.0,32.0
Maxwell Food Centre (Kim Hua Market),Existing,1935.0,103.0
Ang Mo Kio Ave 1 Blk 341 (Teck Ghee Court),Existing,1979.0,32.0
East Coast Lagoon Food Village,Existing,1978.0,63.0
Serangoon Garden Market,Existing,1957.0,46.0
Sembawang Hills Food Centre (Jalan Leban Food Centre),Existing,1974.0,36.0
Chong Pang Hawker Centre & Market,Under Construction,2027.0,58.0
Tanglin Halt Market,Existing,1964.0,28.0
Berseh Food Centre,Existing,1975.0,66.0
