series,year,value
Asian Civilisations Museum (In-Person),1996,
Asian Civilisations Museum (In-Person),1995,
Asian Civilisations Museum (In-Person),1994,
Asian Civilisations Museum (In-Person),1993,
Asian Civilisations Museum (In-Person),1992,
Asian Civilisations Museum (In-Person),1991,
Asian Civilisations Museum (In-Person),1990,
Asian Civilisations Museum (In-Person),1989,
Asian Civilisations Museum (In-Person),1988,
Asian Civilisations Museum (In-Person),1987,
Asian Civilisations Museum (In-Person),1986,
Asian Civilisations Museum (In-Person),1985,
Asian Civilisations Museum (In-Person),1984,
Asian Civilisations Museum (In-Person),2024,405.7
Asian Civilisations Museum (In-Person),2023,417.0
Asian Civilisations Museum (In-Person),2022,318.2
Asian Civilisations Museum (In-Person),2021,207.1
Asian Civilisations Museum (In-Person),2020,182.6
Asian Civilisations Museum (In-Person),2019,670.3
Asian Civilisations Museum (In-Person),2018,524.9
Asian Civilisations Museum (In-Person),2017,488.6
Asian Civilisations Museum (In-Person),2016,534.3
Asian Civilisations Museum (In-Person),2015,349.6
Asian Civilisations Museum (In-Person),2014,423.2
Asian Civilisations Museum (In-Person),2013,452.4
Asian Civilisations Museum (In-Person),2012,524.8
Asian Civilisations Museum (In-Person),2011,814.4
Asian Civilisations Museum (In-Person),2010,777.3
Asian Civilisations Museum (In-Person),2009,739.0
Asian Civilisations Museum (In-Person),2008,697.8
Asian Civilisations Museum (In-Person),2007,575.1
Asian Civilisations Museum (In-Person),2006,437.8
Asian Civilisations Museum (In-Person),2005,276.8
Asian Civilisations Museum (In-Person),2004,225.8
Asian Civilisations Museum (In-Person),2003,147.2
Asian Civilisations Museum (In-Person),2002,72.0
Asian Civilisations Museum (In-Person),2001,70.3
Asian Civilisations Museum (In-Person),2000,71.3
Asian Civilisations Museum (In-Person),1999,141.6
Asian Civilisations Museum (In-Person),1998,85.9
Asian Civilisations Museum (In-Person),1997,47.7
National Museum Of Singapore (In-Person),1996,251.8
National Museum Of Singapore (In-Person),1995,293.0
National Museum Of Singapore (In-Person),1994,273.0
National Museum Of Singapore (In-Person),1993,243.2
National Museum Of Singapore (In-Person),1992,237.7
National Museum Of Singapore (In-Person),1991,266.9
National Museum Of Singapore (In-Person),1990,0.0
National Museum Of Singapore (In-Person),1989,0.0
National Museum Of Singapore (In-Person),1988,322.5
National Museum Of Singapore (In-Person),1987,348.9
National Museum Of Singapore (In-Person),1986,396.4
National Museum Of Singapore (In-Person),1985,406.9
National Museum Of Singapore (In-Person),1984,152.0
National Museum Of Singapore (In-Person),2024,1016.7
National Museum Of Singapore (In-Person),2023,1020.8
National Museum Of Singapore (In-Person),2022,759.5
National Museum Of Singapore (In-Person),2021,334.5
National Museum Of Singapore (In-Person),2020,430.9
National Museum Of Singapore (In-Person),2019,1099.3
National Museum Of Singapore (In-Person),2018,959.6
National Museum Of Singapore (In-Person),2017,901.5
National Museum Of Singapore (In-Person),2016,777.4
National Museum Of Singapore (In-Person),2015,774.6
National Museum Of Singapore (In-Person),2014,902.1
National Museum Of Singapore (In-Person),2013,1199.0
National Museum Of Singapore (In-Person),2012,885.8
National Museum Of Singapore (In-Person),2011,932.6
National Museum Of Singapore (In-Person),2010,847.1
National Museum Of Singapore (In-Person),2009,858.0
National Museum Of Singapore (In-Person),2008,871.8
National Museum Of Singapore (In-Person),2007,675.1
National Museum Of Singapore (In-Person),2006,158.7
National Museum Of Singapore (In-Person),2005,91.4
National Museum Of Singapore (In-Person),2004,87.6
National Museum Of Singapore (In-Person),2003,109.1
National Museum Of Singapore (In-Person),2002,291.2
National Museum Of Singapore (In-Person),2001,267.8
National Museum Of Singapore (In-Person),2000,308.7
National Museum Of Singapore (In-Person),1999,335.1
National Museum Of Singapore (In-Person),1998,242.5
National Museum Of Singapore (In-Person),1997,262.6
Singapore Art Museum (In-Person),1996,104.8
Singapore Art Museum (In-Person),1995,
Singapore Art Museum (In-Person),1994,
Singapore Art Museum (In-Person),1993,
Singapore Art Museum (In-Person),1992,
Singapore Art Museum (In-Person),1991,
Singapore Art Museum (In-Person),1990,
Singapore Art Museum (In-Person),1989,
Singapore Art Museum (In-Person),1988,
Singapore Art Museum (In-Person),1987,
Singapore Art Museum (In-Person),1986,
Singapore Art Museum (In-Person),1985,
Singapore Art Museum (In-Person),1984,
Singapore Art Museum (In-Person),2024,1536.7
Singapore Art Museum (In-Person),2023,1122.7
Singapore Art Museum (In-Person),2022,678.2
Singapore Art Museum (In-Person),2021,596.2
Singapore Art Museum (In-Person),2020,402.0
Singapore Art Museum (In-Person),2019,791.1
Singapore Art Museum (In-Person),2018,519.4
Singapore Art Museum (In-Person),2017,414.7
Singapore Art Museum (In-Person),2016,732.9
Singapore Art Museum (In-Person),2015,903.4
Singapore Art Museum (In-Person),2014,743.7
Singapore Art Museum (In-Person),2013,729.0
Singapore Art Museum (In-Person),2012,656.1
Singapore Art Museum (In-Person),2011,636.6
Singapore Art Museum (In-Person),2010,639.7
Singapore Art Museum (In-Person),2009,743.6
Singapore Art Museum (In-Person),2008,577.9
Singapore Art Museum (In-Person),2007,292.8
Singapore Art Museum (In-Person),2006,314.3
Singapore Art Museum (In-Person),2005,346.5
Singapore Art Museum (In-Person),2004,337.9
Singapore Art Museum (In-Person),2003,149.4
Singapore Art Museum (In-Person),2002,127.5
Singapore Art Museum (In-Person),2001,137.8
Singapore Art Museum (In-Person),2000,133.8
Singapore Art Museum (In-Person),1999,180.9
Singapore Art Museum (In-Person),1998,183.6
Singapore Art Museum (In-Person),1997,159.4
Peranakan Museum (In-Person),1996,
Peranakan Museum (In-Person),1995,
Peranakan Museum (In-Person),1994,
Peranakan Museum (In-Person),1993,
Peranakan Museum (In-Person),1992,
Peranakan Museum (In-Person),1991,
Peranakan Museum (In-Person),1990,
Peranakan Museum (In-Person),1989,
Peranakan Museum (In-Person),1988,
Peranakan Museum (In-Person),1987,
Peranakan Museum (In-Person),1986,
Peranakan Museum (In-Person),1985,
Peranakan Museum (In-Person),1984,
Peranakan Museum (In-Person),2024,167.4
Peranakan Museum (In-Person),2023,164.6
Peranakan Museum (In-Person),2022,0.0
Peranakan Museum (In-Person),2021,0.0
Peranakan Museum (In-Person),2020,0.0
Peranakan Museum (In-Person),2019,59.5
Peranakan Museum (In-Person),2018,213.2
Peranakan Museum (In-Person),2017,473.2
Peranakan Museum (In-Person),2016,508.3
Peranakan Museum (In-Person),2015,475.7
Peranakan Museum (In-Person),2014,417.1
Peranakan Museum (In-Person),2013,373.9
Peranakan Museum (In-Person),2012,269.9
Peranakan Museum (In-Person),2011,234.4
Peranakan Museum (In-Person),2010,224.8
Peranakan Museum (In-Person),2009,270.8
Peranakan Museum (In-Person),2008,171.9
Peranakan Museum (In-Person),2007,
Peranakan Museum (In-Person),2006,
Peranakan Museum (In-Person),2005,
Peranakan Museum (In-Person),2004,
Peranakan Museum (In-Person),2003,
Peranakan Museum (In-Person),2002,
Peranakan Museum (In-Person),2001,
Peranakan Museum (In-Person),2000,
Peranakan Museum (In-Person),1999,
Peranakan Museum (In-Person),1998,
Peranakan Museum (In-Person),1997,
Singapore Discovery Centre (In-Person),1996,
Singapore Discovery Centre (In-Person),1995,
Singapore Discovery Centre (In-Person),1994,
Singapore Discovery Centre (In-Person),1993,
Singapore Discovery Centre (In-Person),1992,
Singapore Discovery Centre (In-Person),1991,
Singapore Discovery Centre (In-Person),1990,
Singapore Discovery Centre (In-Person),1989,
Singapore Discovery Centre (In-Person),1988,
Singapore Discovery Centre (In-Person),1987,
Singapore Discovery Centre (In-Person),1986,
Singapore Discovery Centre (In-Person),1985,
Singapore Discovery Centre (In-Person),1984,
Singapore Discovery Centre (In-Person),2024,
Singapore Discovery Centre (In-Person),2023,429.6
Singapore Discovery Centre (In-Person),2022,593.2
Singapore Discovery Centre (In-Person),2021,209.8
Singapore Discovery Centre (In-Person),2020,261.4
Singapore Discovery Centre (In-Person),2019,376.8
Singapore Discovery Centre (In-Person),2018,388.2
Singapore Discovery Centre (In-Person),2017,356.3
Singapore Discovery Centre (In-Person),2016,385.5
Singapore Discovery Centre (In-Person),2015,
Singapore Discovery Centre (In-Person),2014,
Singapore Discovery Centre (In-Person),2013,
Singapore Discovery Centre (In-Person),2012,
Singapore Discovery Centre (In-Person),2011,
Singapore Discovery Centre (In-Person),2010,
Singapore Discovery Centre (In-Person),2009,
Singapore Discovery Centre (In-Person),2008,
Singapore Discovery Centre (In-Person),2007,
Singapore Discovery Centre (In-Person),2006,
Singapore Discovery Centre (In-Person),2005,
Singapore Discovery Centre (In-Person),2004,
Singapore Discovery Centre (In-Person),2003,
Singapore Discovery Centre (In-Person),2002,
Singapore Discovery Centre (In-Person),2001,
Singapore Discovery Centre (In-Person),2000,
Singapore Discovery Centre (In-Person),1999,
Singapore Discovery Centre (In-Person),1998,
Singapore Discovery Centre (In-Person),1997,
Science Centre Singapore,1996,427.9
Science Centre Singapore,1995,542.9
Science Centre Singapore,1994,529.3
Science Centre Singapore,1993,533.9
Science Centre Singapore,1992,515.0
Science Centre Singapore,1991,543.1
Science Centre Singapore,1990,711.9
Science Centre Singapore,1989,767.4
Science Centre Singapore,1988,690.2
Science Centre Singapore,1987,620.1
Science Centre Singapore,1986,578.6
Science Centre Singapore,1985,558.6
Science Centre Singapore,1984,463.1
Science Centre Singapore,2024,963.3
Science Centre Singapore,2023,460.2
Science Centre Singapore,2022,409.6
Science Centre Singapore,2021,236.3
Science Centre Singapore,2020,243.1
Science Centre Singapore,2019,1027.7
Science Centre Singapore,2018,863.0
Science Centre Singapore,2017,874.7
Science Centre Singapore,2016,955.8
Science Centre Singapore,2015,1046.0
Science Centre Singapore,2014,952.3
Science Centre Singapore,2013,899.5
Science Centre Singapore,2012,969.2
Science Centre Singapore,2011,1053.8
Science Centre Singapore,2010,1125.5
Science Centre Singapore,2009,1059.4
Science Centre Singapore,2008,1039.2
Science Centre Singapore,2007,880.0
Science Centre Singapore,2006,989.0
Science Centre Singapore,2005,783.8
Science Centre Singapore,2004,806.4
Science Centre Singapore,2003,486.3
Science Centre Singapore,2002,515.7
Science Centre Singapore,2001,520.6
Science Centre Singapore,2000,489.6
Science Centre Singapore,1999,510.1
Science Centre Singapore,1998,469.4
Science Centre Singapore,1997,637.5
Mandai Bird Paradise,1996,
Mandai Bird Paradise,1995,
Mandai Bird Paradise,1994,
Mandai Bird Paradise,1993,
Mandai Bird Paradise,1992,
Mandai Bird Paradise,1991,
Mandai Bird Paradise,1990,
Mandai Bird Paradise,1989,
Mandai Bird Paradise,1988,
Mandai Bird Paradise,1987,
Mandai Bird Paradise,1986,
Mandai Bird Paradise,1985,
Mandai Bird Paradise,1984,
Mandai Bird Paradise,2024,955.1
Mandai Bird Paradise,2023,781.1
Mandai Bird Paradise,2022,
Mandai Bird Paradise,2021,
Mandai Bird Paradise,2020,
Mandai Bird Paradise,2019,
Mandai Bird Paradise,2018,
Mandai Bird Paradise,2017,
Mandai Bird Paradise,2016,
Mandai Bird Paradise,2015,
Mandai Bird Paradise,2014,
Mandai Bird Paradise,2013,
Mandai Bird Paradise,2012,
Mandai Bird Paradise,2011,
Mandai Bird Paradise,2010,
Mandai Bird Paradise,2009,
Mandai Bird Paradise,2008,
Mandai Bird Paradise,2007,
Mandai Bird Paradise,2006,
Mandai Bird Paradise,2005,
Mandai Bird Paradise,2004,
Mandai Bird Paradise,2003,
Mandai Bird Paradise,2002,
Mandai Bird Paradise,2001,
Mandai Bird Paradise,2000,
Mandai Bird Paradise,1999,
Mandai Bird Paradise,1998,
Mandai Bird Paradise,1997,
Night Safari,1996,
Night Safari,1995,
Night Safari,1994,
Night Safari,1993,
Night Safari,1992,
Night Safari,1991,
Night Safari,1990,
Night Safari,1989,
Night Safari,1988,
Night Safari,1987,
Night Safari,1986,
Night Safari,1985,
Night Safari,1984,
Night Safari,2024,1141.2
Night Safari,2023,887.2
Night Safari,2022,534.2
Night Safari,2021,299.7
Night Safari,2020,343.2
Night Safari,2019,1318.0
Night Safari,2018,1329.4
Night Safari,2017,1261.8
Night Safari,2016,1150.5
Night Safari,2015,1159.0
Night Safari,2014,1179.8
Night Safari,2013,1168.0
Night Safari,2012,1163.4
Night Safari,2011,1098.5
Night Safari,2010,1129.5
Night Safari,2009,1136.1
Night Safari,2008,1177.4
Night Safari,2007,1132.9
Night Safari,2006,1007.1
Night Safari,2005,1002.5
Night Safari,2004,858.7
Night Safari,2003,610.2
Night Safari,2002,873.6
Night Safari,2001,839.1
Night Safari,2000,
Night Safari,1999,
Night Safari,1998,
Night Safari,1997,
River Wonders,1996,
River Wonders,1995,
River Wonders,1994,
River Wonders,1993,
River Wonders,1992,
River Wonders,1991,
River Wonders,1990,
River Wonders,1989,
River Wonders,1988,
River Wonders,1987,
River Wonders,1986,
River Wonders,1985,
River Wonders,1984,
River Wonders,2024,954.5
River Wonders,2023,896.2
River Wonders,2022,752.9
River Wonders,2021,589.8
River Wonders,2020,508.0
River Wonders,2019,961.8
River Wonders,2018,958.3
River Wonders,2017,952.5
River Wonders,2016,842.9
River Wonders,2015,843.1
River Wonders,2014,1144.6
River Wonders,2013,703.2
River Wonders,2012,
River Wonders,2011,
River Wonders,2010,
River Wonders,2009,
River Wonders,2008,
River Wonders,2007,
River Wonders,2006,
River Wonders,2005,
River Wonders,2004,
River Wonders,2003,
River Wonders,2002,
River Wonders,2001,
River Wonders,2000,
River Wonders,1999,
River Wonders,1998,
River Wonders,1997,
Singapore Zoological Gardens,1996,1509.0
Singapore Zoological Gardens,1995,1438.5
Singapore Zoological Gardens,1994,1433.6
Singapore Zoological Gardens,1993,1486.7
Singapore Zoological Gardens,1992,1355.3
Singapore Zoological Gardens,1991,1164.5
Singapore Zoological Gardens,1990,1341.3
Singapore Zoological Gardens,1989,1133.0
Singapore Zoological Gardens,1988,1104.3
Singapore Zoological Gardens,1987,1112.1
Singapore Zoological Gardens,1986,958.8
Singapore Zoological Gardens,1985,850.0
Singapore Zoological Gardens,1984,896.1
Singapore Zoological Gardens,2024,1465.7
Singapore Zoological Gardens,2023,1384.7
Singapore Zoological Gardens,2022,1102.3
Singapore Zoological Gardens,2021,930.0
Singapore Zoological Gardens,2020,883.1
Singapore Zoological Gardens,2019,2067.6
Singapore Zoological Gardens,2018,2109.1
Singapore Zoological Gardens,2017,1891.8
Singapore Zoological Gardens,2016,1797.0
Singapore Zoological Gardens,2015,1833.4
Singapore Zoological Gardens,2014,1678.2
Singapore Zoological Gardens,2013,1804.1
Singapore Zoological Gardens,2012,1756.4
Singapore Zoological Gardens,2011,1670.1
Singapore Zoological Gardens,2010,1630.5
Singapore Zoological Gardens,2009,1663.6
Singapore Zoological Gardens,2008,1589.6
Singapore Zoological Gardens,2007,1442.7
Singapore Zoological Gardens,2006,1405.1
Singapore Zoological Gardens,2005,1283.2
Singapore Zoological Gardens,2004,1148.4
Singapore Zoological Gardens,2003,1062.6
Singapore Zoological Gardens,2002,1291.8
Singapore Zoological Gardens,2001,1428.5
Singapore Zoological Gardens,2000,1323.3
Singapore Zoological Gardens,1999,1386.3
Singapore Zoological Gardens,1998,1319.4
Singapore Zoological Gardens,1997,1410.6
Jurong Lake Gardens,1996,251.6
Jurong Lake Gardens,1995,243.0
Jurong Lake Gardens,1994,286.0
Jurong Lake Gardens,1993,286.6
Jurong Lake Gardens,1992,350.9
Jurong Lake Gardens,1991,395.5
Jurong Lake Gardens,1990,453.0
Jurong Lake Gardens,1989,512.7
Jurong Lake Gardens,1988,629.5
Jurong Lake Gardens,1987,712.8
Jurong Lake Gardens,1986,616.8
Jurong Lake Gardens,1985,642.1
Jurong Lake Gardens,1984,721.2
Jurong Lake Gardens,2024,2910.7
Jurong Lake Gardens,2023,0.0
Jurong Lake Gardens,2022,0.0
Jurong Lake Gardens,2021,0.0
Jurong Lake Gardens,2020,0.0
Jurong Lake Gardens,2019,409.0
Jurong Lake Gardens,2018,659.2
Jurong Lake Gardens,2017,925.0
Jurong Lake Gardens,2016,1314.4
Jurong Lake Gardens,2015,939.5
Jurong Lake Gardens,2014,951.0
Jurong Lake Gardens,2013,693.1
Jurong Lake Gardens,2012,911.0
Jurong Lake Gardens,2011,963.0
Jurong Lake Gardens,2010,874.5
Jurong Lake Gardens,2009,841.1
Jurong Lake Gardens,2008,666.7
Jurong Lake Gardens,2007,543.3
Jurong Lake Gardens,2006,698.7
Jurong Lake Gardens,2005,740.4
Jurong Lake Gardens,2004,598.8
Jurong Lake Gardens,2003,452.8
Jurong Lake Gardens,2002,480.4
Jurong Lake Gardens,2001,245.6
Jurong Lake Gardens,2000,205.8
Jurong Lake Gardens,1999,209.7
Jurong Lake Gardens,1998,216.5
Jurong Lake Gardens,1997,247.6
Gardens By The Bay,1996,
Gardens By The Bay,1995,
Gardens By The Bay,1994,
Gardens By The Bay,1993,
Gardens By The Bay,1992,
Gardens By The Bay,1991,
Gardens By The Bay,1990,
Gardens By The Bay,1989,
Gardens By The Bay,1988,
Gardens By The Bay,1987,
Gardens By The Bay,1986,
Gardens By The Bay,1985,
Gardens By The Bay,1984,
Gardens By The Bay,2024,14505.5
Gardens By The Bay,2023,10742.7
Gardens By The Bay,2022,8742.7
Gardens By The Bay,2021,8285.4
Gardens By The Bay,2020,6811.6
Gardens By The Bay,2019,13712.7
Gardens By The Bay,2018,12383.3
Gardens By The Bay,2017,9680.2
Gardens By The Bay,2016,8763.4
Gardens By The Bay,2015,8514.5
Gardens By The Bay,2014,6375.1
Gardens By The Bay,2013,4550.3
Gardens By The Bay,2012,2920.1
Gardens By The Bay,2011,
Gardens By The Bay,2010,
Gardens By The Bay,2009,
Gardens By The Bay,2008,
Gardens By The Bay,2007,
Gardens By The Bay,2006,
Gardens By The Bay,2005,
Gardens By The Bay,2004,
Gardens By The Bay,2003,
Gardens By The Bay,2002,
Gardens By The Bay,2001,
Gardens By The Bay,2000,
Gardens By The Bay,1999,
Gardens By The Bay,1998,
Gardens By The Bay,1997,
Sentosa,1996,4100.0
Sentosa,1995,3900.0
Sentosa,1994,4100.0
Sentosa,1993,4000.0
Sentosa,1992,3600.0
Sentosa,1991,3300.0
Sentosa,1990,2600.0
Sentosa,1989,2600.0
Sentosa,1988,2600.0
Sentosa,1987,2100.0
Sentosa,1986,1700.0
Sentosa,1985,1600.0
Sentosa,1984,1700.0
Sentosa,2024,16900.0
Sentosa,2023,16700.0
Sentosa,2022,13000.0
Sentosa,2021,9400.0
Sentosa,2020,8600.0
Sentosa,2019,18800.0
Sentosa,2018,19700.0
Sentosa,2017,19100.0
Sentosa,2016,19300.0
Sentosa,2015,19500.0
Sentosa,2014,19400.0
Sentosa,2013,18600.0
Sentosa,2012,20500.0
Sentosa,2011,19000.0
Sentosa,2010,19100.0
Sentosa,2009,7800.0
Sentosa,2008,6100.0
Sentosa,2007,6100.0
Sentosa,2006,5700.0
Sentosa,2005,5200.0
Sentosa,2004,5100.0
Sentosa,2003,4200.0
Sentosa,2002,4100.0
Sentosa,2001,3800.0
Sentosa,2000,3400.0
Sentosa,1999,3400.0
Sentosa,1998,3300.0
Sentosa,1997,3500.0
Indian Heritage Centre (In-Person),1996,
Indian Heritage Centre (In-Person),1995,
Indian Heritage Centre (In-Person),1994,
Indian Heritage Centre (In-Person),1993,
Indian Heritage Centre (In-Person),1992,
Indian Heritage Centre (In-Person),1991,
Indian Heritage Centre (In-Person),1990,
Indian Heritage Centre (In-Person),1989,
Indian Heritage Centre (In-Person),1988,
Indian Heritage Centre (In-Person),1987,
Indian Heritage Centre (In-Person),1986,
Indian Heritage Centre (In-Person),1985,
Indian Heritage Centre (In-Person),1984,
Indian Heritage Centre (In-Person),2024,223.3
Indian Heritage Centre (In-Person),2023,205.8
Indian Heritage Centre (In-Person),2022,114.3
Indian Heritage Centre (In-Person),2021,55.0
Indian Heritage Centre (In-Person),2020,54.4
Indian Heritage Centre (In-Person),2019,236.0
Indian Heritage Centre (In-Person),2018,221.1
Indian Heritage Centre (In-Person),2017,176.6
Indian Heritage Centre (In-Person),2016,146.1
Indian Heritage Centre (In-Person),2015,195.0
Indian Heritage Centre (In-Person),2014,
Indian Heritage Centre (In-Person),2013,
Indian Heritage Centre (In-Person),2012,
Indian Heritage Centre (In-Person),2011,
Indian Heritage Centre (In-Person),2010,
Indian Heritage Centre (In-Person),2009,
Indian Heritage Centre (In-Person),2008,
Indian Heritage Centre (In-Person),2007,
Indian Heritage Centre (In-Person),2006,
Indian Heritage Centre (In-Person),2005,
Indian Heritage Centre (In-Person),2004,
Indian Heritage Centre (In-Person),2003,
Indian Heritage Centre (In-Person),2002,
Indian Heritage Centre (In-Person),2001,
Indian Heritage Centre (In-Person),2000,
Indian Heritage Centre (In-Person),1999,
Indian Heritage Centre (In-Person),1998,
Indian Heritage Centre (In-Person),1997,
Malay Heritage Centre (In-Person),1996,
Malay Heritage Centre (In-Person),1995,
Malay Heritage Centre (In-Person),1994,
Malay Heritage Centre (In-Person),1993,
Malay Heritage Centre (In-Person),1992,
Malay Heritage Centre (In-Person),1991,
Malay Heritage Centre (In-Person),1990,
Malay Heritage Centre (In-Person),1989,
Malay Heritage Centre (In-Person),1988,
Malay Heritage Centre (In-Person),1987,
Malay Heritage Centre (In-Person),1986,
Malay Heritage Centre (In-Person),1985,
Malay Heritage Centre (In-Person),1984,
Malay Heritage Centre (In-Person),2024,0.0
Malay Heritage Centre (In-Person),2023,
Malay Heritage Centre (In-Person),2022,196.6
Malay Heritage Centre (In-Person),2021,87.2
Malay Heritage Centre (In-Person),2020,145.0
Malay Heritage Centre (In-Person),2019,761.3
Malay Heritage Centre (In-Person),2018,728.9
Malay Heritage Centre (In-Person),2017,697.8
Malay Heritage Centre (In-Person),2016,508.2
Malay Heritage Centre (In-Person),2015,497.0
Malay Heritage Centre (In-Person),2014,166.5
Malay Heritage Centre (In-Person),2013,152.3
Malay Heritage Centre (In-Person),2012,185.8
Malay Heritage Centre (In-Person),2011,14.0
Malay Heritage Centre (In-Person),2010,
Malay Heritage Centre (In-Person),2009,
Malay Heritage Centre (In-Person),2008,
Malay Heritage Centre (In-Person),2007,
Malay Heritage Centre (In-Person),2006,
Malay Heritage Centre (In-Person),2005,
Malay Heritage Centre (In-Person),2004,
Malay Heritage Centre (In-Person),2003,
Malay Heritage Centre (In-Person),2002,
Malay Heritage Centre (In-Person),2001,
Malay Heritage Centre (In-Person),2000,
Malay Heritage Centre (In-Person),1999,
Malay Heritage Centre (In-Person),1998,
Malay Heritage Centre (In-Person),1997,
National Gallery Singapore (In-Person),1996,
National Gallery Singapore (In-Person),1995,
National Gallery Singapore (In-Person),1994,
National Gallery Singapore (In-Person),1993,
National Gallery Singapore (In-Person),1992,
National Gallery Singapore (In-Person),1991,
National Gallery Singapore (In-Person),1990,
National Gallery Singapore (In-Person),1989,
National Gallery Singapore (In-Person),1988,
National Gallery Singapore (In-Person),1987,
National Gallery Singapore (In-Person),1986,
National Gallery Singapore (In-Person),1985,
National Gallery Singapore (In-Person),1984,
National Gallery Singapore (In-Person),2024,2040.5
National Gallery Singapore (In-Person),2023,1723.9
National Gallery Singapore (In-Person),2022,1262.2
National Gallery Singapore (In-Person),2021,748.5
National Gallery Singapore (In-Person),2020,736.1
National Gallery Singapore (In-Person),2019,1817.3
National Gallery Singapore (In-Person),2018,1732.7
National Gallery Singapore (In-Person),2017,1849.7
National Gallery Singapore (In-Person),2016,1585.3
National Gallery Singapore (In-Person),2015,275.6
National Gallery Singapore (In-Person),2014,
National Gallery Singapore (In-Person),2013,
National Gallery Singapore (In-Person),2012,
National Gallery Singapore (In-Person),2011,
National Gallery Singapore (In-Person),2010,40.0
National Gallery Singapore (In-Person),2009,
National Gallery Singapore (In-Person),2008,
National Gallery Singapore (In-Person),2007,
National Gallery Singapore (In-Person),2006,
National Gallery Singapore (In-Person),2005,
National Gallery Singapore (In-Person),2004,
National Gallery Singapore (In-Person),2003,
National Gallery Singapore (In-Person),2002,
National Gallery Singapore (In-Person),2001,
National Gallery Singapore (In-Person),2000,
National Gallery Singapore (In-Person),1999,
National Gallery Singapore (In-Person),1998,
National Gallery Singapore (In-Person),1997,
Sun Yat Sen Nanyang Memorial Hall (In-Person),1996,
Sun Yat Sen Nanyang Memorial Hall (In-Person),1995,
Sun Yat Sen Nanyang Memorial Hall (In-Person),1994,
Sun Yat Sen Nanyang Memorial Hall (In-Person),1993,
Sun Yat Sen Nanyang Memorial Hall (In-Person),1992,
Sun Yat Sen Nanyang Memorial Hall (In-Person),1991,
Sun Yat Sen Nanyang Memorial Hall (In-Person),1990,
Sun Yat Sen Nanyang Memorial Hall (In-Person),1989,
Sun Yat Sen Nanyang Memorial Hall (In-Person),1988,
Sun Yat Sen Nanyang Memorial Hall (In-Person),1987,
Sun Yat Sen Nanyang Memorial Hall (In-Person),1986,
Sun Yat Sen Nanyang Memorial Hall (In-Person),1985,
Sun Yat Sen Nanyang Memorial Hall (In-Person),1984,
Sun Yat Sen Nanyang Memorial Hall (In-Person),2024,49.6
Sun Yat Sen Nanyang Memorial Hall (In-Person),2023,61.3
Sun Yat Sen Nanyang Memorial Hall (In-Person),2022,50.3
Sun Yat Sen Nanyang Memorial Hall (In-Person),2021,132.6
Sun Yat Sen Nanyang Memorial Hall (In-Person),2020,110.2
Sun Yat Sen Nanyang Memorial Hall (In-Person),2019,219.4
Sun Yat Sen Nanyang Memorial Hall (In-Person),2018,213.8
Sun Yat Sen Nanyang Memorial Hall (In-Person),2017,122.0
Sun Yat Sen Nanyang Memorial Hall (In-Person),2016,133.2
Sun Yat Sen Nanyang Memorial Hall (In-Person),2015,97.3
Sun Yat Sen Nanyang Memorial Hall (In-Person),2014,92.3
Sun Yat Sen Nanyang Memorial Hall (In-Person),2013,101.5
Sun Yat Sen Nanyang Memorial Hall (In-Person),2012,99.4
Sun Yat Sen Nanyang Memorial Hall (In-Person),2011,81.1
Sun Yat Sen Nanyang Memorial Hall (In-Person),2010,
Sun Yat Sen Nanyang Memorial Hall (In-Person),2009,
Sun Yat Sen Nanyang Memorial Hall (In-Person),2008,
Sun Yat Sen Nanyang Memorial Hall (In-Person),2007,
Sun Yat Sen Nanyang Memorial Hall (In-Person),2006,
Sun Yat Sen Nanyang Memorial Hall (In-Person),2005,
Sun Yat Sen Nanyang Memorial Hall (In-Person),2004,
Sun Yat Sen Nanyang Memorial Hall (In-Person),2003,
Sun Yat Sen Nanyang Memorial Hall (In-Person),2002,
Sun Yat Sen Nanyang Memorial Hall (In-Person),2001,
Sun Yat Sen Nanyang Memorial Hall (In-Person),2000,
Sun Yat Sen Nanyang Memorial Hall (In-Person),1999,
Sun Yat Sen Nanyang Memorial Hall (In-Person),1998,
Sun Yat Sen Nanyang Memorial Hall (In-Person),1997,
Children's Museum Singapore,1996,
Children's Museum Singapore,1995,
Children's Museum Singapore,1994,
Children's Museum Singapore,1993,
Children's Museum Singapore,1992,
Children's Museum Singapore,1991,
Children's Museum Singapore,1990,
Children's Museum Singapore,1989,
Children's Museum Singapore,1988,
Children's Museum Singapore,1987,
Children's Museum Singapore,1986,
Children's Museum Singapore,1985,
Children's Museum Singapore,1984,
Children's Museum Singapore,2024,219.1
Children's Museum Singapore,2023,219.0
Children's Museum Singapore,2022,10.7
Children's Museum Singapore,2021,
Children's Museum Singapore,2020,
Children's Museum Singapore,2019,
Children's Museum Singapore,2018,
Children's Museum Singapore,2017,
Children's Museum Singapore,2016,
Children's Museum Singapore,2015,
Children's Museum Singapore,2014,
Children's Museum Singapore,2013,
Children's Museum Singapore,2012,
Children's Museum Singapore,2011,
Children's Museum Singapore,2010,
Children's Museum Singapore,2009,
Children's Museum Singapore,2008,
Children's Museum Singapore,2007,
Children's Museum Singapore,2006,
Children's Museum Singapore,2005,
Children's Museum Singapore,2004,
Children's Museum Singapore,2003,
Children's Museum Singapore,2002,
Children's Museum Singapore,2001,
Children's Museum Singapore,2000,
Children's Museum Singapore,1999,
Children's Museum Singapore,1998,
Children's Museum Singapore,1997,
Changi Chapel And Museum,1996,
Changi Chapel And Museum,1995,
Changi Chapel And Museum,1994,
Changi Chapel And Museum,1993,
Changi Chapel And Museum,1992,
Changi Chapel And Museum,1991,
Changi Chapel And Museum,1990,
Changi Chapel And Museum,1989,
Changi Chapel And Museum,1988,
Changi Chapel And Museum,1987,
Changi Chapel And Museum,1986,
Changi Chapel And Museum,1985,
Changi Chapel And Museum,1984,
Changi Chapel And Museum,2024,47.5
Changi Chapel And Museum,2023,46.7
Changi Chapel And Museum,2022,
Changi Chapel And Museum,2021,
Changi Chapel And Museum,2020,
Changi Chapel And Museum,2019,
Changi Chapel And Museum,2018,
Changi Chapel And Museum,2017,
Changi Chapel And Museum,2016,
Changi Chapel And Museum,2015,
Changi Chapel And Museum,2014,
Changi Chapel And Museum,2013,
Changi Chapel And Museum,2012,
Changi Chapel And Museum,2011,
Changi Chapel And Museum,2010,
Changi Chapel And Museum,2009,
Changi Chapel And Museum,2008,
Changi Chapel And Museum,2007,
Changi Chapel And Museum,2006,
Changi Chapel And Museum,2005,
Changi Chapel And Museum,2004,
Changi Chapel And Museum,2003,
Changi Chapel And Museum,2002,
Changi Chapel And Museum,2001,
Changi Chapel And Museum,2000,
Changi Chapel And Museum,1999,
Changi Chapel And Museum,1998,
Changi Chapel And Museum,1997,
Reflections At Bukit Chandu,1996,
Reflections At Bukit Chandu,1995,
Reflections At Bukit Chandu,1994,
Reflections At Bukit Chandu,1993,
Reflections At Bukit Chandu,1992,
Reflections At Bukit Chandu,1991,
Reflections At Bukit Chandu,1990,
Reflections At Bukit Chandu,1989,
Reflections At Bukit Chandu,1988,
Reflections At Bukit Chandu,1987,
Reflections At Bukit Chandu,1986,
Reflections At Bukit Chandu,1985,
Reflections At Bukit Chandu,1984,
Reflections At Bukit Chandu,2024,29.1
Reflections At Bukit Chandu,2023,35.8
Reflections At Bukit Chandu,2022,
Reflections At Bukit Chandu,2021,
Reflections At Bukit Chandu,2020,
Reflections At Bukit Chandu,2019,
Reflections At Bukit Chandu,2018,
Reflections At Bukit Chandu,2017,
Reflections At Bukit Chandu,2016,
Reflections At Bukit Chandu,2015,
Reflections At Bukit Chandu,2014,
Reflections At Bukit Chandu,2013,
Reflections At Bukit Chandu,2012,
Reflections At Bukit Chandu,2011,
Reflections At Bukit Chandu,2010,
Reflections At Bukit Chandu,2009,
Reflections At Bukit Chandu,2008,
Reflections At Bukit Chandu,2007,
Reflections At Bukit Chandu,2006,
Reflections At Bukit Chandu,2005,
Reflections At Bukit Chandu,2004,
Reflections At Bukit Chandu,2003,
Reflections At Bukit Chandu,2002,
Reflections At Bukit Chandu,2001,
Reflections At Bukit Chandu,2000,
Reflections At Bukit Chandu,1999,
Reflections At Bukit Chandu,1998,
Reflections At Bukit Chandu,1997,
Former Ford Factory (In-Person),1996,
Former Ford Factory (In-Person),1995,
Former Ford Factory (In-Person),1994,
Former Ford Factory (In-Person),1993,
Former Ford Factory (In-Person),1992,
Former Ford Factory (In-Person),1991,
Former Ford Factory (In-Person),1990,
Former Ford Factory (In-Person),1989,
Former Ford Factory (In-Person),1988,
Former Ford Factory (In-Person),1987,
Former Ford Factory (In-Person),1986,
Former Ford Factory (In-Person),1985,
Former Ford Factory (In-Person),1984,
Former Ford Factory (In-Person),2024,
Former Ford Factory (In-Person),2023,
Former Ford Factory (In-Person),2022,
Former Ford Factory (In-Person),2021,41.2
Former Ford Factory (In-Person),2020,38.4
Former Ford Factory (In-Person),2019,90.0
Former Ford Factory (In-Person),2018,103.7
Former Ford Factory (In-Person),2017,105.4
Former Ford Factory (In-Person),2016,0.0
Former Ford Factory (In-Person),2015,42.4
Former Ford Factory (In-Person),2014,
Former Ford Factory (In-Person),2013,
Former Ford Factory (In-Person),2012,
Former Ford Factory (In-Person),2011,
Former Ford Factory (In-Person),2010,
Former Ford Factory (In-Person),2009,
Former Ford Factory (In-Person),2008,
Former Ford Factory (In-Person),2007,
Former Ford Factory (In-Person),2006,
Former Ford Factory (In-Person),2005,
Former Ford Factory (In-Person),2004,
Former Ford Factory (In-Person),2003,
Former Ford Factory (In-Person),2002,
Former Ford Factory (In-Person),2001,
Former Ford Factory (In-Person),2000,
Former Ford Factory (In-Person),1999,
Former Ford Factory (In-Person),1998,
Former Ford Factory (In-Person),1997,
Asian Civilisations Museum (Digital),1996,
Asian Civilisations Museum (Digital),1995,
Asian Civilisations Museum (Digital),1994,
Asian Civilisations Museum (Digital),1993,
Asian Civilisations Museum (Digital),1992,
Asian Civilisations Museum (Digital),1991,
Asian Civilisations Museum (Digital),1990,
Asian Civilisations Museum (Digital),1989,
Asian Civilisations Museum (Digital),1988,
Asian Civilisations Museum (Digital),1987,
Asian Civilisations Museum (Digital),1986,
Asian Civilisations Museum (Digital),1985,
Asian Civilisations Museum (Digital),1984,
Asian Civilisations Museum (Digital),2024,
Asian Civilisations Museum (Digital),2023,
Asian Civilisations Museum (Digital),2022,
Asian Civilisations Museum (Digital),2021,33312.9
Asian Civilisations Museum (Digital),2020,13545.0
Asian Civilisations Museum (Digital),2019,
Asian Civilisations Museum (Digital),2018,
Asian Civilisations Museum (Digital),2017,
Asian Civilisations Museum (Digital),2016,
Asian Civilisations Museum (Digital),2015,
Asian Civilisations Museum (Digital),2014,
Asian Civilisations Museum (Digital),2013,
Asian Civilisations Museum (Digital),2012,
Asian Civilisations Museum (Digital),2011,
Asian Civilisations Museum (Digital),2010,
Asian Civilisations Museum (Digital),2009,
Asian Civilisations Museum (Digital),2008,
Asian Civilisations Museum (Digital),2007,
Asian Civilisations Museum (Digital),2006,
Asian Civilisations Museum (Digital),2005,
Asian Civilisations Museum (Digital),2004,
Asian Civilisations Museum (Digital),2003,
Asian Civilisations Museum (Digital),2002,
Asian Civilisations Museum (Digital),2001,
Asian Civilisations Museum (Digital),2000,
Asian Civilisations Museum (Digital),1999,
Asian Civilisations Museum (Digital),1998,
Asian Civilisations Museum (Digital),1997,
National Museum Of Singapore (Digital),1996,
National Museum Of Singapore (Digital),1995,
National Museum Of Singapore (Digital),1994,
National Museum Of Singapore (Digital),1993,
National Museum Of Singapore (Digital),1992,
National Museum Of Singapore (Digital),1991,
National Museum Of Singapore (Digital),1990,
National Museum Of Singapore (Digital),1989,
National Museum Of Singapore (Digital),1988,
National Museum Of Singapore (Digital),1987,
National Museum Of Singapore (Digital),1986,
National Museum Of Singapore (Digital),1985,
National Museum Of Singapore (Digital),1984,
National Museum Of Singapore (Digital),2024,
National Museum Of Singapore (Digital),2023,
National Museum Of Singapore (Digital),2022,
National Museum Of Singapore (Digital),2021,116029.4
National Museum Of Singapore (Digital),2020,46538.2
National Museum Of Singapore (Digital),2019,
National Museum Of Singapore (Digital),2018,
National Museum Of Singapore (Digital),2017,
National Museum Of Singapore (Digital),2016,
National Museum Of Singapore (Digital),2015,
National Museum Of Singapore (Digital),2014,
National Museum Of Singapore (Digital),2013,
National Museum Of Singapore (Digital),2012,
National Museum Of Singapore (Digital),2011,
National Museum Of Singapore (Digital),2010,
National Museum Of Singapore (Digital),2009,
National Museum Of Singapore (Digital),2008,
National Museum Of Singapore (Digital),2007,
National Museum Of Singapore (Digital),2006,
National Museum Of Singapore (Digital),2005,
National Museum Of Singapore (Digital),2004,
National Museum Of Singapore (Digital),2003,
National Museum Of Singapore (Digital),2002,
National Museum Of Singapore (Digital),2001,
National Museum Of Singapore (Digital),2000,
National Museum Of Singapore (Digital),1999,
National Museum Of Singapore (Digital),1998,
National Museum Of Singapore (Digital),1997,
Singapore Art Museum (Digital),1996,
Singapore Art Museum (Digital),1995,
Singapore Art Museum (Digital),1994,
Singapore Art Museum (Digital),1993,
Singapore Art Museum (Digital),1992,
Singapore Art Museum (Digital),1991,
Singapore Art Museum (Digital),1990,
Singapore Art Museum (Digital),1989,
Singapore Art Museum (Digital),1988,
Singapore Art Museum (Digital),1987,
Singapore Art Museum (Digital),1986,
Singapore Art Museum (Digital),1985,
Singapore Art Museum (Digital),1984,
Singapore Art Museum (Digital),2024,
Singapore Art Museum (Digital),2023,
Singapore Art Museum (Digital),2022,93.3
Singapore Art Museum (Digital),2021,704.1
Singapore Art Museum (Digital),2020,1022.8
Singapore Art Museum (Digital),2019,
Singapore Art Museum (Digital),2018,
Singapore Art Museum (Digital),2017,
Singapore Art Museum (Digital),2016,
Singapore Art Museum (Digital),2015,
Singapore Art Museum (Digital),2014,
Singapore Art Museum (Digital),2013,
Singapore Art Museum (Digital),2012,
Singapore Art Museum (Digital),2011,
Singapore Art Museum (Digital),2010,
Singapore Art Museum (Digital),2009,
Singapore Art Museum (Digital),2008,
Singapore Art Museum (Digital),2007,
Singapore Art Museum (Digital),2006,
Singapore Art Museum (Digital),2005,
Singapore Art Museum (Digital),2004,
Singapore Art Museum (Digital),2003,
Singapore Art Museum (Digital),2002,
Singapore Art Museum (Digital),2001,
Singapore Art Museum (Digital),2000,
Singapore Art Museum (Digital),1999,
Singapore Art Museum (Digital),1998,
Singapore Art Museum (Digital),1997,
Peranakan Museum (Digital),1996,
Peranakan Museum (Digital),1995,
Peranakan Museum (Digital),1994,
Peranakan Museum (Digital),1993,
Peranakan Museum (Digital),1992,
Peranakan Museum (Digital),1991,
Peranakan Museum (Digital),1990,
Peranakan Museum (Digital),1989,
Peranakan Museum (Digital),1988,
Peranakan Museum (Digital),1987,
Peranakan Museum (Digital),1986,
Peranakan Museum (Digital),1985,
Peranakan Museum (Digital),1984,
Peranakan Museum (Digital),2024,
Peranakan Museum (Digital),2023,
Peranakan Museum (Digital),2022,
Peranakan Museum (Digital),2021,7257.9
Peranakan Museum (Digital),2020,121.0
Peranakan Museum (Digital),2019,
Peranakan Museum (Digital),2018,
Peranakan Museum (Digital),2017,
Peranakan Museum (Digital),2016,
Peranakan Museum (Digital),2015,
Peranakan Museum (Digital),2014,
Peranakan Museum (Digital),2013,
Peranakan Museum (Digital),2012,
Peranakan Museum (Digital),2011,
Peranakan Museum (Digital),2010,
Peranakan Museum (Digital),2009,
Peranakan Museum (Digital),2008,
Peranakan Museum (Digital),2007,
Peranakan Museum (Digital),2006,
Peranakan Museum (Digital),2005,
Peranakan Museum (Digital),2004,
Peranakan Museum (Digital),2003,
Peranakan Museum (Digital),2002,
Peranakan Museum (Digital),2001,
Peranakan Museum (Digital),2000,
Peranakan Museum (Digital),1999,
Peranakan Museum (Digital),1998,
Peranakan Museum (Digital),1997,
Singapore Discovery Centre (Digital),1996,
Singapore Discovery Centre (Digital),1995,
Singapore Discovery Centre (Digital),1994,
Singapore Discovery Centre (Digital),1993,
Singapore Discovery Centre (Digital),1992,
Singapore Discovery Centre (Digital),1991,
Singapore Discovery Centre (Digital),1990,
Singapore Discovery Centre (Digital),1989,
Singapore Discovery Centre (Digital),1988,
Singapore Discovery Centre (Digital),1987,
Singapore Discovery Centre (Digital),1986,
Singapore Discovery Centre (Digital),1985,
Singapore Discovery Centre (Digital),1984,
Singapore Discovery Centre (Digital),2024,
Singapore Discovery Centre (Digital),2023,97.6
Singapore Discovery Centre (Digital),2022,40.1
Singapore Discovery Centre (Digital),2021,150.4
Singapore Discovery Centre (Digital),2020,81.9
Singapore Discovery Centre (Digital),2019,
Singapore Discovery Centre (Digital),2018,
Singapore Discovery Centre (Digital),2017,
Singapore Discovery Centre (Digital),2016,
Singapore Discovery Centre (Digital),2015,
Singapore Discovery Centre (Digital),2014,
Singapore Discovery Centre (Digital),2013,
Singapore Discovery Centre (Digital),2012,
Singapore Discovery Centre (Digital),2011,
Singapore Discovery Centre (Digital),2010,
Singapore Discovery Centre (Digital),2009,
Singapore Discovery Centre (Digital),2008,
Singapore Discovery Centre (Digital),2007,
Singapore Discovery Centre (Digital),2006,
Singapore Discovery Centre (Digital),2005,
Singapore Discovery Centre (Digital),2004,
Singapore Discovery Centre (Digital),2003,
Singapore Discovery Centre (Digital),2002,
Singapore Discovery Centre (Digital),2001,
Singapore Discovery Centre (Digital),2000,
Singapore Discovery Centre (Digital),1999,
Singapore Discovery Centre (Digital),1998,
Singapore Discovery Centre (Digital),1997,
Indian Heritage Centre (Digital),1996,
Indian Heritage Centre (Digital),1995,
Indian Heritage Centre (Digital),1994,
Indian Heritage Centre (Digital),1993,
Indian Heritage Centre (Digital),1992,
Indian Heritage Centre (Digital),1991,
Indian Heritage Centre (Digital),1990,
Indian Heritage Centre (Digital),1989,
Indian Heritage Centre (Digital),1988,
Indian Heritage Centre (Digital),1987,
Indian Heritage Centre (Digital),1986,
Indian Heritage Centre (Digital),1985,
Indian Heritage Centre (Digital),1984,
Indian Heritage Centre (Digital),2024,
Indian Heritage Centre (Digital),2023,
Indian Heritage Centre (Digital),2022,
Indian Heritage Centre (Digital),2021,13542.7
Indian Heritage Centre (Digital),2020,4955.4
Indian Heritage Centre (Digital),2019,
Indian Heritage Centre (Digital),2018,
Indian Heritage Centre (Digital),2017,
Indian Heritage Centre (Digital),2016,
Indian Heritage Centre (Digital),2015,
Indian Heritage Centre (Digital),2014,
Indian Heritage Centre (Digital),2013,
Indian Heritage Centre (Digital),2012,
Indian Heritage Centre (Digital),2011,
Indian Heritage Centre (Digital),2010,
Indian Heritage Centre (Digital),2009,
Indian Heritage Centre (Digital),2008,
Indian Heritage Centre (Digital),2007,
Indian Heritage Centre (Digital),2006,
Indian Heritage Centre (Digital),2005,
Indian Heritage Centre (Digital),2004,
Indian Heritage Centre (Digital),2003,
Indian Heritage Centre (Digital),2002,
Indian Heritage Centre (Digital),2001,
Indian Heritage Centre (Digital),2000,
Indian Heritage Centre (Digital),1999,
Indian Heritage Centre (Digital),1998,
Indian Heritage Centre (Digital),1997,
Malay Heritage Centre (Digital),1996,
Malay Heritage Centre (Digital),1995,
Malay Heritage Centre (Digital),1994,
Malay Heritage Centre (Digital),1993,
Malay Heritage Centre (Digital),1992,
Malay Heritage Centre (Digital),1991,
Malay Heritage Centre (Digital),1990,
Malay Heritage Centre (Digital),1989,
Malay Heritage Centre (Digital),1988,
Malay Heritage Centre (Digital),1987,
Malay Heritage Centre (Digital),1986,
Malay Heritage Centre (Digital),1985,
Malay Heritage Centre (Digital),1984,
Malay Heritage Centre (Digital),2024,
Malay Heritage Centre (Digital),2023,
Malay Heritage Centre (Digital),2022,
Malay Heritage Centre (Digital),2021,7181.8
Malay Heritage Centre (Digital),2020,8744.2
Malay Heritage Centre (Digital),2019,
Malay Heritage Centre (Digital),2018,
Malay Heritage Centre (Digital),2017,
Malay Heritage Centre (Digital),2016,
Malay Heritage Centre (Digital),2015,
Malay Heritage Centre (Digital),2014,
Malay Heritage Centre (Digital),2013,
Malay Heritage Centre (Digital),2012,
Malay Heritage Centre (Digital),2011,
Malay Heritage Centre (Digital),2010,
Malay Heritage Centre (Digital),2009,
Malay Heritage Centre (Digital),2008,
Malay Heritage Centre (Digital),2007,
Malay Heritage Centre (Digital),2006,
Malay Heritage Centre (Digital),2005,
Malay Heritage Centre (Digital),2004,
Malay Heritage Centre (Digital),2003,
Malay Heritage Centre (Digital),2002,
Malay Heritage Centre (Digital),2001,
Malay Heritage Centre (Digital),2000,
Malay Heritage Centre (Digital),1999,
Malay Heritage Centre (Digital),1998,
Malay Heritage Centre (Digital),1997,
National Gallery Singapore (Digital),1996,
National Gallery Singapore (Digital),1995,
National Gallery Singapore (Digital),1994,
National Gallery Singapore (Digital),1993,
National Gallery Singapore (Digital),1992,
National Gallery Singapore (Digital),1991,
National Gallery Singapore (Digital),1990,
National Gallery Singapore (Digital),1989,
National Gallery Singapore (Digital),1988,
National Gallery Singapore (Digital),1987,
National Gallery Singapore (Digital),1986,
National Gallery Singapore (Digital),1985,
National Gallery Singapore (Digital),1984,
National Gallery Singapore (Digital),2024,
National Gallery Singapore (Digital),2023,
National Gallery Singapore (Digital),2022,
National Gallery Singapore (Digital),2021,18585.8
National Gallery Singapore (Digital),2020,8526.4
National Gallery Singapore (Digital),2019,
National Gallery Singapore (Digital),2018,
National Gallery Singapore (Digital),2017,
National Gallery Singapore (Digital),2016,
National Gallery Singapore (Digital),2015,
National Gallery Singapore (Digital),2014,
National Gallery Singapore (Digital),2013,
National Gallery Singapore (Digital),2012,
National Gallery Singapore (Digital),2011,
National Gallery Singapore (Digital),2010,
National Gallery Singapore (Digital),2009,
National Gallery Singapore (Digital),2008,
National Gallery Singapore (Digital),2007,
National Gallery Singapore (Digital),2006,
National Gallery Singapore (Digital),2005,
National Gallery Singapore (Digital),2004,
National Gallery Singapore (Digital),2003,
National Gallery Singapore (Digital),2002,
National Gallery Singapore (Digital),2001,
National Gallery Singapore (Digital),2000,
National Gallery Singapore (Digital),1999,
National Gallery Singapore (Digital),1998,
National Gallery Singapore (Digital),1997,
Sun Yat Sen Nanyang Memorial Hall (Digital),1996,
Sun Yat Sen Nanyang Memorial Hall (Digital),1995,
Sun Yat Sen Nanyang Memorial Hall (Digital),1994,
Sun Yat Sen Nanyang Memorial Hall (Digital),1993,
Sun Yat Sen Nanyang Memorial Hall (Digital),1992,
Sun Yat Sen Nanyang Memorial Hall (Digital),1991,
Sun Yat Sen Nanyang Memorial Hall (Digital),1990,
Sun Yat Sen Nanyang Memorial Hall (Digital),1989,
Sun Yat Sen Nanyang Memorial Hall (Digital),1988,
Sun Yat Sen Nanyang Memorial Hall (Digital),1987,
Sun Yat Sen Nanyang Memorial Hall (Digital),1986,
Sun Yat Sen Nanyang Memorial Hall (Digital),1985,
Sun Yat Sen Nanyang Memorial Hall (Digital),1984,
Sun Yat Sen Nanyang Memorial Hall (Digital),2024,
Sun Yat Sen Nanyang Memorial Hall (Digital),2023,
Sun Yat Sen Nanyang Memorial Hall (Digital),2022,
Sun Yat Sen Nanyang Memorial Hall (Digital),2021,17676.5
Sun Yat Sen Nanyang Memorial Hall (Digital),2020,9178.3
Sun Yat Sen Nanyang Memorial Hall (Digital),2019,
Sun Yat Sen Nanyang Memorial Hall (Digital),2018,
Sun Yat Sen Nanyang Memorial Hall (Digital),2017,
Sun Yat Sen Nanyang Memorial Hall (Digital),2016,
Sun Yat Sen Nanyang Memorial Hall (Digital),2015,
Sun Yat Sen Nanyang Memorial Hall (Digital),2014,
Sun Yat Sen Nanyang Memorial Hall (Digital),2013,
Sun Yat Sen Nanyang Memorial Hall (Digital),2012,
Sun Yat Sen Nanyang Memorial Hall (Digital),2011,
Sun Yat Sen Nanyang Memorial Hall (Digital),2010,
Sun Yat Sen Nanyang Memorial Hall (Digital),2009,
Sun Yat Sen Nanyang Memorial Hall (Digital),2008,
Sun Yat Sen Nanyang Memorial Hall (Digital),2007,
Sun Yat Sen Nanyang Memorial Hall (Digital),2006,
Sun Yat Sen Nanyang Memorial Hall (Digital),2005,
Sun Yat Sen Nanyang Memorial Hall (Digital),2004,
Sun Yat Sen Nanyang Memorial Hall (Digital),2003,
Sun Yat Sen Nanyang Memorial Hall (Digital),2002,
Sun Yat Sen Nanyang Memorial Hall (Digital),2001,
Sun Yat Sen Nanyang Memorial Hall (Digital),2000,
Sun Yat Sen Nanyang Memorial Hall (Digital),1999,
Sun Yat Sen Nanyang Memorial Hall (Digital),1998,
Sun Yat Sen Nanyang Memorial Hall (Digital),1997,
Former Ford Factory (Digital),1996,
Former Ford Factory (Digital),1995,
Former Ford Factory (Digital),1994,
Former Ford Factory (Digital),1993,
Former Ford Factory (Digital),1992,
Former Ford Factory (Digital),1991,
Former Ford Factory (Digital),1990,
Former Ford Factory (Digital),1989,
Former Ford Factory (Digital),1988,
Former Ford Factory (Digital),1987,
Former Ford Factory (Digital),1986,
Former Ford Factory (Digital),1985,
Former Ford Factory (Digital),1984,
Former Ford Factory (Digital),2024,
Former Ford Factory (Digital),2023,
Former Ford Factory (Digital),2022,
Former Ford Factory (Digital),2021,24.2
Former Ford Factory (Digital),2020,1.2
Former Ford Factory (Digital),2019,
Former Ford Factory (Digital),2018,
Former Ford Factory (Digital),2017,
Former Ford Factory (Digital),2016,
Former Ford Factory (Digital),2015,
Former Ford Factory (Digital),2014,
Former Ford Factory (Digital),2013,
Former Ford Factory (Digital),2012,
Former Ford Factory (Digital),2011,
Former Ford Factory (Digital),2010,
Former Ford Factory (Digital),2009,
Former Ford Factory (Digital),2008,
Former Ford Factory (Digital),2007,
Former Ford Factory (Digital),2006,
Former Ford Factory (Digital),2005,
Former Ford Factory (Digital),2004,
Former Ford Factory (Digital),2003,
Former Ford Factory (Digital),2002,
Former Ford Factory (Digital),2001,
Former Ford Factory (Digital),2000,
Former Ford Factory (Digital),1999,
Former Ford Factory (Digital),1998,
Former Ford Factory (Digital),1997,
