date,value
1985-01,28.829
1985-02,29.646
1985-03,29.11
1985-04,23.514
1985-05,24.267
1985-06,22.311
1985-07,22.53
1985-08,22.914
1985-09,22.919
1985-10,22.12
1985-11,22.81
1985-12,22.649
1986-01,22.443
1986-02,23.776
1986-03,21.025
1986-04,20.365
1986-05,20.471
1986-06,20.617
1986-07,21.361
1986-08,20.975
1986-09,21.172
1986-10,21.289
1986-11,21.486
1986-12,22.515
1987-01,22.797
1987-02,23.944
1987-03,25.338
1987-04,26.972
1987-05,27.321
1987-06,29.057
1987-07,29.008
1987-08,28.933
1987-09,29.401
1987-10,29.492
1987-11,31.392
1987-12,29.787
1988-01,31.609
1988-02,31.271
1988-03,31.904
1988-04,33.046
1988-05,34.387
1988-06,34.807
1988-07,35.378
1988-08,36.883
1988-09,37.748
1988-10,39.961
1988-11,38.159
1988-12,43.293
1989-01,37.781
1989-02,43.181
1989-03,41.863
1989-04,38.503
1989-05,38.162
1989-06,37.463
1989-07,38.335
1989-08,39.653
1989-09,41.54
1989-10,39.443
1989-11,42.571
1989-12,43.571
1990-01,44.786
1990-02,43.9
1990-03,44.284
1990-04,48.101
1990-05,36.285
1990-06,38.54
1990-07,37.744
1990-08,38.558
1990-09,37.551
1990-10,41.067
1990-11,37.874
1990-12,43.439
1991-01,37.54
1991-02,39.681
1991-03,40.15
1991-04,40.296
1991-05,41.046
1991-06,40.062
1991-07,41.319
1991-08,42.577
1991-09,40.872
1991-10,46.171
1991-11,46.33
1991-12,41.266
1992-01,43.882
1992-02,44.749
1992-03,43.114
1992-04,44.648
1992-05,45.161
1992-06,49.593
1992-07,44.238
1992-08,45.591
1992-09,48.143
1992-10,44.081
1992-11,44.342
1992-12,45.171
1993-01,50.761
1993-02,47.13
1993-03,48.091
1993-04,46.78
1993-05,48.554
1993-06,51.365
1993-07,51.213
1993-08,49.547
1993-09,48.852
1993-10,48.66
1993-11,49.805
1993-12,53.142
1994-01,52.72
1994-02,53.131
1994-03,61.955
1994-04,42.559
1994-05,46.588
1994-06,47.174
1994-07,51.035
1994-08,49.047
1994-09,50.761
1994-10,50.346
1994-11,52.135
1994-12,51.609
1995-01,51.302
1995-02,51.2
1995-03,51.984
1995-04,50.767
1995-05,50.711
1995-06,49.864
1995-07,49.122
1995-08,52.607
1995-09,53.01
1995-10,52.789
1995-11,52.841
1995-12,51.872
1996-01,52.253
1996-02,55.486
1996-03,51.68
1996-04,50.758
1996-05,50.775
1996-06,50.989
1996-07,50.125
1996-08,50.736
1996-09,51.623
1996-10,53.522
1996-11,53.115
1996-12,57.414
1997-01,54.448
1997-02,49.994
1997-03,50.197
1997-04,51.148
1997-05,50.797
1997-06,51.235
1997-07,53.343
1997-08,51.22
1997-09,52.083
1997-10,50.142
1997-11,48.404
1997-12,48.698
1998-01,48.163
1998-02,49.568
1998-03,40.208
1998-04,53.337
1998-05,47.704
1998-06,46.232
1998-07,46.474
1998-08,45.757
1998-09,43.332
1998-10,45.208
1998-11,47.265
1998-12,51.17
1999-01,46.635
1999-02,47.898
1999-03,49.691
1999-04,50.932
1999-05,52.647
1999-06,55.892
1999-07,52.325
1999-08,57.397
1999-09,58.799
1999-10,59.273
1999-11,57.805
1999-12,58.149
2000-01,61.022
2000-02,60.496
2000-03,59.662
2000-04,64.033
2000-05,64.48
2000-06,68.543
2000-07,67.395
2000-08,66.691
2000-09,69.611
2000-10,64.858
2000-11,69.358
2000-12,68.543
2001-01,68.878
2001-02,70.525
2001-03,72.055
2001-04,68.043
2001-05,68.944
2001-06,67.596
2001-07,64.775
2001-08,72.144
2001-09,64.769
2001-10,65.663
2001-11,66.632
2001-12,65.914
2002-01,65.978
2002-02,64.499
2002-03,69.715
2002-04,66.029
2002-05,62.025
2002-06,62.89
2002-07,66.449
2002-08,66.783
2002-09,64.628
2002-10,66.088
2002-11,67.634
2002-12,72.628
2003-01,66.824
2003-02,68.346
2003-03,65.406
2003-04,67.674
2003-05,73.3
2003-06,69.574
2003-07,73.146
2003-08,72.393
2003-09,74.05
2003-10,75.192
2003-11,74.48
2003-12,80.695
2004-01,77.379
2004-02,87.025
2004-03,78.44
2004-04,78.335
2004-05,78.809
2004-06,81.825
2004-07,79.671
2004-08,80.272
2004-09,81.629
2004-10,84.023
2004-11,83.485
2004-12,82.539
2005-01,85.187
2005-02,84.521
2005-03,87.109
2005-04,87.025
2005-05,84.018
2005-06,87.4
2005-07,88.014
2005-08,88.448
2005-09,89.604
2005-10,90.9
2005-11,87.734
2005-12,89.734
2006-01,86.251
2006-02,91.701
2006-03,94.85
2006-04,93.079
2006-05,94.473
2006-06,90.892
2006-07,91.242
2006-08,91.01
2006-09,91.797
2006-10,91.678
2006-11,95.726
2006-12,94.201
2007-01,95.629
2007-02,93.551
2007-03,94.855
2007-04,93.97
2007-05,96.518
2007-06,104.561
2007-07,90.083
2007-08,97.404
2007-09,97.958
2007-10,97.06
2007-11,96.292
2007-12,97.386
2008-01,98.022
2008-02,101.584
2008-03,99.213
2008-04,101.266
2008-05,101.747
2008-06,100.309
2008-07,100.273
2008-08,98.456
2008-09,103.15
2008-10,95.085
2008-11,92.89
2008-12,96.056
2009-01,87.333
2009-02,95.679
2009-03,92.559
2009-04,90.092
2009-05,91.294
2009-06,92.301
2009-07,90.39
2009-08,93.26
2009-09,90.735
2009-10,90.788
2009-11,91.166
2009-12,90.773
2010-01,93.299
2010-02,91.271
2010-03,90.201
2010-04,87.731
2010-05,86.593
2010-06,86.659
2010-07,88.852
2010-08,92.063
2010-09,92.756
2010-10,90.358
2010-11,92.457
2010-12,93.19
2011-01,87.425
2011-02,89.652
2011-03,91.004
2011-04,94.529
2011-05,95.289
2011-06,96.719
2011-07,98.51
2011-08,93.891
2011-09,93.525
2011-10,97.884
2011-11,97.322
2011-12,96.172
2012-01,94.773
2012-02,100.924
2012-03,98.806
2012-04,96.753
2012-05,95.887
2012-06,95.92
2012-07,96.112
2012-08,97.131
2012-09,96.294
2012-10,96.709
2012-11,95.825
2012-12,94.76
2013-01,93.824
2013-02,96.379
2013-03,92.258
2013-04,96.132
2013-05,98.203
2013-06,92.828
2013-07,87.945
2013-08,89.434
2013-09,90.721
2013-10,87.49
2013-11,87.323
2013-12,89.291
2014-01,91.118
2014-02,91.869
2014-03,91.668
2014-04,90.661
2014-05,91.096
2014-06,91.528
2014-07,90.489
2014-08,92.158
2014-09,92.753
2014-10,94.363
2014-11,93.014
2014-12,93.347
2015-01,94.841
2015-02,94.705
2015-03,93.916
2015-04,95.239
2015-05,95.879
2015-06,97.811
2015-07,95.204
2015-08,98.174
2015-09,96.595
2015-10,97.034
2015-11,97.493
2015-12,97.929
2016-01,97.708
2016-02,97.62
2016-03,97.22
2016-04,97.667
2016-05,98.636
2016-06,98.52
2016-07,98.903
2016-08,97.531
2016-09,98.093
2016-10,98.998
2016-11,98.022
2016-12,98.18
2017-01,98.894
2017-02,98.596
2017-03,99.195
2017-04,98.681
2017-05,99.135
2017-06,99.987
2017-07,101.11
2017-08,100.67
2017-09,97.451
2017-10,99.476
2017-11,102.061
2017-12,104.344
2018-01,98.078
2018-02,98.537
2018-03,99.316
2018-04,99.763
2018-05,99.812
2018-06,101.288
2018-07,98.846
2018-08,99.981
2018-09,99.515
2018-10,99.707
2018-11,99.219
2018-12,97.416
2019-01,98.818
2019-02,96.374
2019-03,98.274
2019-04,98.151
2019-05,97.098
2019-06,94.731
2019-07,97.223
2019-08,95.734
2019-09,97.532
2019-10,95.829
2019-11,93.916
2019-12,93.264
2020-01,92.998
2020-02,85.642
2020-03,85.181
2020-04,58.687
2020-05,46.769
2020-06,69.427
2020-07,89.466
2020-08,90.631
2020-09,86.912
2020-10,87.19
2020-11,92.357
2020-12,90.676
2021-01,89.356
2021-02,89.104
2021-03,90.704
2021-04,90.521
2021-05,85.034
2021-06,87.184
2021-07,89.391
2021-08,88.656
2021-09,93.236
2021-10,93.49
2021-11,94.483
2021-12,95.648
2022-01,93.738
2022-02,92.425
2022-03,99.545
2022-04,100.616
2022-05,102.6
2022-06,101.185
2022-07,102.127
2022-08,100.829
2022-09,104.149
2022-10,104.545
2022-11,100.815
2022-12,102.513
2023-01,100.17
2023-02,100.533
2023-03,103.058
2023-04,104.059
2023-05,102.46
2023-06,102.946
2023-07,102.96
2023-08,104.078
2023-09,102.803
2023-10,102.5
2023-11,103.859
2023-12,103.548
2024-01,103.664
2024-02,106.121
2024-03,104.961
2024-04,103.386
2024-05,104.702
2024-06,102.336
2024-07,103.936
2024-08,104.31
2024-09,105.068
2024-10,105.832
2024-11,103.646
2024-12,101.654
2025-01,104.546
2025-02,107.742
2025-03,105.101
2025-04,104.94
2025-05,105.866
2025-06,104.787
2025-07,108.877
2025-08,109.815
2025-09,107.819
2025-10,110.558
2025-11,110.329
2025-12,104.37
